<?xml version="1.0" encoding="UTF-8"?>
<!-- this file is autogenerated, do not edit! -->
<!DOCTYPE section PUBLIC "-//OASIS//DTD DocBook XML V4.2//EN"
	"http://www.oasis-open.org/docbook/xml/4.2/docbookx.dtd">
<chapter id="counters.ims_usrloc_scscf">
	<title> Counters for ims_usrloc_scscf</title>


<section id="ims_usrloc_scscf.active_subscriptions">
    <title>ims_usrloc_scscf.active_subscriptions</title>
    <para>
        active_subscriptions.
    </para>
    <para>
    </para>
</section>

<section id="ims_usrloc_scscf.subscription_collisions">
    <title>ims_usrloc_scscf.subscription_collisions</title>
    <para>
        number of collisions in subscription hash.
    </para>
    <para>
    </para>
</section>

<section id="ims_usrloc_scscf.impu_collisions">
    <title>ims_usrloc_scscf.impu_collisions</title>
    <para>
        number of collisions in impu hash.
    </para>
    <para>
    </para>
</section>

<section id="ims_usrloc_scscf.contact_collisions">
    <title>ims_usrloc_scscf.contact_collisions</title>
    <para>
        number of collisions in contact hash.
    </para>
    <para>
    </para>
</section>

<section id="ims_usrloc_scscf.active_impus">
    <title>ims_usrloc_scscf.active_impus</title>
    <para>
        number of registered IMPUs.
    </para>
    <para>
    </para>
</section>

<section id="ims_usrloc_scscf.active_contacts">
    <title>ims_usrloc_scscf.active_contacts</title>
    <para>
        number of registered contacts.
    </para>
    <para>
    </para>
</section>

</chapter>
