<?xml version="1.0" encoding="utf-8"?>
	<authors>
		<author uid="anca_vamanu">
			Anca Vamanu, &lt;anca at opensips dot org&gt;
		</author>
		<author uid="ancuta_onofrei">
			Ancuta Onofrei, &lt;ancuta at voice-system dot ro&gt;
		</author>
		<author uid="agranig">
			 Andreas Granig, &lt;andreas dot granig at inode dot info&gt;
		</author>
		<author uid="anomarme">
			Elena-Ramona Modroiu, &lt;ramona at rosdeve dot ro&gt;
		</author>
		<author uid="bastian">
			Bastian Friedrich, &lt;bastian dot friedrich at collax dot com&gt;
		</author>
		<author uid="bogdan_iancu">
			Bogdan-Andrei Iancu, &lt;bogdan at opensips dot org&gt;
		</author>
		<author uid="cschlatter">
			Christian Schlatter, &lt;cs at unc dot edu&gt;
		</author>
		<author uid="dan_pascu">
			Dan Pascu, &lt;dan at ag-projects dot com&gt;
		</author>
		<author uid="di-shi">
			Di-Shi Sun, &lt;di-shi at transnexus dot com&gt;
		</author>
		<author uid="eliasbaixas">
			Elias Baixas, &lt;elias dot baixas at voztele dot com&gt;
		</author>
		<author uid="miconda">
			Daniel-Constantin Mierla, &lt;miconda at gmail dot com&gt;
		</author>
		<author uid="henningw">
			Henning Westerholt, &lt;henning dot westerholt at 1und1 dot de&gt;
		</author>
		<author uid="isakdim">
			Dmitry Isakbayev, &lt;isakdim at gmail dot com&gt;
		</author>
		<author uid="jerocu">
			Jesus Rodriguez, &lt;jesusr at voztele dot com&gt;
		</author>
		<author uid="juhe">
			Juha Heinanen, &lt;jh at tutpro dot com&gt;
		</author>
		<author uid="jblache">
			Julien Blache, &lt;jblache at debian dot org&gt;
		</author>
		<author uid="klaus_darilion">
			Klaus Darilion, &lt;klaus dot mailinglists at pernau dot at&gt;
		</author>
		<author uid="ondrejj">
			Jan Ondrej, &lt;ondrejj at salstar dot sk&gt;
		</author>
		<author uid="will_quan">
			Will Quan, &lt;wiquan at employees dot org&gt;
		</author>
		<author uid="osas">
			Ovidiu Sas, &lt;osas at voipembedded dot com&gt;
		</author>
		<author uid="razvancrainea">
			Razvan Crainea, &lt;razvan at opensips dot org&gt;
		</author>
		<author uid="vladut-paiu">
			Vlad Paiu, &lt;vladpaiu at opensips dot org&gt;
		<author uid="sobomax">
			Maxim Sobolev, &lt;sobomax at sippysoft dot com&gt;
		</author>
		</author>
	</authors>
