<!-- THIS IS AN AUTO-GENERATED FILE -->
<chapter id="contributors" xreflabel="contributors">
    <title>&contributors;</title>

<section id="contrib_commit_statistics" xreflabel="contrib_commit_statistics">
	<title>By Commit Statistics</title>

	<table frame='all'><title>Top contributors by DevScore<superscript>(1)</superscript>, authored commits<superscript>(2)</superscript> and lines added/removed<superscript>(3)</superscript></title>
	<tgroup cols='6' align='left' colsep='1' rowsep='1'>
	<thead>
	<row>
	    <entry align="center"></entry>
	    <entry align="center">Name</entry>
	    <entry align="center">DevScore</entry>
	    <entry align="center">Commits</entry>
	    <entry align="center">Lines ++</entry>
	    <entry align="center">Lines --</entry>
	</row>
	</thead>
	<tbody>
	<row>
		<entry>1. </entry>
		<entry>Jan Janak (<ulink url="https://github.com/janakj">@janakj</ulink>)</entry>
		<entry align="center">88</entry>
		<entry align="center">24</entry>
		<entry align="center">3294</entry>
		<entry align="center">2182</entry>
	</row>
	<row>
		<entry>2. </entry>
		<entry>Bogdan-Andrei Iancu (<ulink url="https://github.com/bogdan-iancu">@bogdan-iancu</ulink>)</entry>
		<entry align="center">44</entry>
		<entry align="center">31</entry>
		<entry align="center">892</entry>
		<entry align="center">255</entry>
	</row>
	<row>
		<entry>3. </entry>
		<entry>Liviu Chircu (<ulink url="https://github.com/liviuchircu">@liviuchircu</ulink>)</entry>
		<entry align="center">25</entry>
		<entry align="center">21</entry>
		<entry align="center">101</entry>
		<entry align="center">145</entry>
	</row>
	<row>
		<entry>4. </entry>
		<entry>Daniel-Constantin Mierla (<ulink url="https://github.com/miconda">@miconda</ulink>)</entry>
		<entry align="center">15</entry>
		<entry align="center">13</entry>
		<entry align="center">67</entry>
		<entry align="center">55</entry>
	</row>
	<row>
		<entry>5. </entry>
		<entry>Irina-Maria Stanescu</entry>
		<entry align="center">15</entry>
		<entry align="center">8</entry>
		<entry align="center">185</entry>
		<entry align="center">299</entry>
	</row>
	<row>
		<entry>6. </entry>
		<entry>Maksym Sobolyev (<ulink url="https://github.com/sobomax">@sobomax</ulink>)</entry>
		<entry align="center">13</entry>
		<entry align="center">8</entry>
		<entry align="center">171</entry>
		<entry align="center">175</entry>
	</row>
	<row>
		<entry>7. </entry>
		<entry>Razvan Crainea (<ulink url="https://github.com/razvancrainea">@razvancrainea</ulink>)</entry>
		<entry align="center">10</entry>
		<entry align="center">8</entry>
		<entry align="center">13</entry>
		<entry align="center">15</entry>
	</row>
	<row>
		<entry>8. </entry>
		<entry>Juha Heinanen (<ulink url="https://github.com/juha-h">@juha-h</ulink>)</entry>
		<entry align="center">8</entry>
		<entry align="center">5</entry>
		<entry align="center">142</entry>
		<entry align="center">53</entry>
	</row>
	<row>
		<entry>9. </entry>
		<entry>Andrei Pelinescu-Onciul</entry>
		<entry align="center">7</entry>
		<entry align="center">5</entry>
		<entry align="center">8</entry>
		<entry align="center">2</entry>
	</row>
	<row>
		<entry>10. </entry>
		<entry>Vlad Patrascu (<ulink url="https://github.com/rvlad-patrascu">@rvlad-patrascu</ulink>)</entry>
		<entry align="center">7</entry>
		<entry align="center">2</entry>
		<entry align="center">55</entry>
		<entry align="center">213</entry>
	</row>
	</tbody>
	</tgroup>
	</table>
<para><emphasis role='bold'>All remaining contributors</emphasis>: Jiri Kuthan (<ulink url="https://github.com/jiriatipteldotorg">@jiriatipteldotorg</ulink>), Henning Westerholt (<ulink url="https://github.com/henningw">@henningw</ulink>), Ancuta Onofrei, Anatoly Pidruchny, Peter Nixon, Konstantin Bokarius, Peter Lemenkov (<ulink url="https://github.com/lemenkov">@lemenkov</ulink>), Edson Gellert Schubert.</para>
	<para>
	    <emphasis>(1) DevScore = author_commits + author_lines_added / (project_lines_added / project_commits) + author_lines_deleted / (project_lines_deleted / project_commits)</emphasis>
	</para>
	<para>
	    <emphasis>(2) including any documentation-related commits, excluding merge commits. Regarding imported patches/code, we do our best to count the work on behalf of the proper owner, as per the "fix_authors" and "mod_renames" arrays in opensips/doc/build-contrib.sh. If you identify any patches/commits which do not get properly attributed to you, please <ulink url="https://github.com/OpenSIPS/opensips/pulls"><citetitle>submit a pull request</citetitle></ulink></emphasis> which extends "fix_authors" and/or "mod_renames".
	</para>
	<para>
	    <emphasis>(3) ignoring whitespace edits, renamed files and auto-generated files</emphasis>
	</para>
</section>

<section id="contrib_commit_activity" xreflabel="contrib_commit_activity">
	<title>By Commit Activity</title>

	<table frame='all'><title>Most recently active contributors<superscript>(1)</superscript> to this module</title>
	<tgroup cols='3' align='left' colsep='1' rowsep='1'>
	<thead>
	<row>
	    <entry align="center"></entry>
	    <entry align="center">Name</entry>
	    <entry align="center">Commit Activity</entry>
	</row>
	</thead>
	<tbody>
	<row>
		<entry>1. </entry>
		<entry>Liviu Chircu (<ulink url="https://github.com/liviuchircu">@liviuchircu</ulink>)</entry>
		<entry align="center">Jan 2013 - May 2024</entry>
	</row>
	<row>
		<entry>2. </entry>
		<entry>Razvan Crainea (<ulink url="https://github.com/razvancrainea">@razvancrainea</ulink>)</entry>
		<entry align="center">Feb 2012 - Jan 2024</entry>
	</row>
	<row>
		<entry>3. </entry>
		<entry>Maksym Sobolyev (<ulink url="https://github.com/sobomax">@sobomax</ulink>)</entry>
		<entry align="center">Dec 2003 - Feb 2023</entry>
	</row>
	<row>
		<entry>4. </entry>
		<entry>Bogdan-Andrei Iancu (<ulink url="https://github.com/bogdan-iancu">@bogdan-iancu</ulink>)</entry>
		<entry align="center">Jun 2005 - May 2020</entry>
	</row>
	<row>
		<entry>5. </entry>
		<entry>Vlad Patrascu (<ulink url="https://github.com/rvlad-patrascu">@rvlad-patrascu</ulink>)</entry>
		<entry align="center">May 2017 - Apr 2019</entry>
	</row>
	<row>
		<entry>6. </entry>
		<entry>Peter Lemenkov (<ulink url="https://github.com/lemenkov">@lemenkov</ulink>)</entry>
		<entry align="center">Jun 2018 - Jun 2018</entry>
	</row>
	<row>
		<entry>7. </entry>
		<entry>Irina-Maria Stanescu</entry>
		<entry align="center">Aug 2009 - Apr 2010</entry>
	</row>
	<row>
		<entry>8. </entry>
		<entry>Daniel-Constantin Mierla (<ulink url="https://github.com/miconda">@miconda</ulink>)</entry>
		<entry align="center">Oct 2005 - Mar 2008</entry>
	</row>
	<row>
		<entry>9. </entry>
		<entry>Konstantin Bokarius</entry>
		<entry align="center">Mar 2008 - Mar 2008</entry>
	</row>
	<row>
		<entry>10. </entry>
		<entry>Edson Gellert Schubert</entry>
		<entry align="center">Feb 2008 - Feb 2008</entry>
	</row>
	</tbody>
	</tgroup>
	</table>
<para><emphasis role='bold'>All remaining contributors</emphasis>: Juha Heinanen (<ulink url="https://github.com/juha-h">@juha-h</ulink>), Henning Westerholt (<ulink url="https://github.com/henningw">@henningw</ulink>), Ancuta Onofrei, Anatoly Pidruchny, Peter Nixon, Jan Janak (<ulink url="https://github.com/janakj">@janakj</ulink>), Andrei Pelinescu-Onciul, Jiri Kuthan (<ulink url="https://github.com/jiriatipteldotorg">@jiriatipteldotorg</ulink>).</para>
	<para>
	    <emphasis>(1) including any documentation-related commits, excluding merge commits</emphasis>
	</para>
</section>

</chapter>
<chapter id="documentation" xreflabel="documentation">
	<title>Documentation</title>
<section id="documentation_contributors" xreflabel="documentation_contributors">
	<title>Contributors</title>
	<para><emphasis role='bold'>Last edited by:</emphasis> Liviu Chircu (<ulink url="https://github.com/liviuchircu">@liviuchircu</ulink>), Bogdan-Andrei Iancu (<ulink url="https://github.com/bogdan-iancu">@bogdan-iancu</ulink>), Peter Lemenkov (<ulink url="https://github.com/lemenkov">@lemenkov</ulink>), Razvan Crainea (<ulink url="https://github.com/razvancrainea">@razvancrainea</ulink>), Irina-Maria Stanescu, Daniel-Constantin Mierla (<ulink url="https://github.com/miconda">@miconda</ulink>), Konstantin Bokarius, Edson Gellert Schubert, Maksym Sobolyev (<ulink url="https://github.com/sobomax">@sobomax</ulink>), Henning Westerholt (<ulink url="https://github.com/henningw">@henningw</ulink>), Anatoly Pidruchny, Juha Heinanen (<ulink url="https://github.com/juha-h">@juha-h</ulink>), Jan Janak (<ulink url="https://github.com/janakj">@janakj</ulink>).</para>
</section>

</chapter>
