<?xml version="1.0" encoding='UTF-8'?>
<!DOCTYPE book PUBLIC "-//OASIS//DTD DocBook XML V4.4//EN"
"http://www.oasis-open.org/docbook/xml/4.4/docbookx.dtd" [

<!ENTITY admin SYSTEM "auth_aka_admin.xml">
<!ENTITY faq SYSTEM "../../../doc/module_faq.xml">
<!ENTITY contrib SYSTEM "contributors.xml">

<!-- Include general documentation entities -->
<!ENTITY % docentities SYSTEM "../../../doc/entities.xml">
%docentities;

]>

<book>
	<bookinfo>
	<title>Auth_aka Module</title>
	</bookinfo>
	<toc></toc>

	&admin;
	&faq;
	&contrib;

	&docCopyrights;
	<para>&copyright; 2024 OpenSIPS Solutions;</para>
</book>
