<!-- THIS IS AN AUTO-GENERATED FILE -->
<chapter id="contributors" xreflabel="contributors">
    <title>&contributors;</title>

<section id="contrib_commit_statistics" xreflabel="contrib_commit_statistics">
	<title>By Commit Statistics</title>

	<table frame='all'><title>Top contributors by DevScore<superscript>(1)</superscript>, authored commits<superscript>(2)</superscript> and lines added/removed<superscript>(3)</superscript></title>
	<tgroup cols='6' align='left' colsep='1' rowsep='1'>
	<thead>
	<row>
	    <entry align="center"></entry>
	    <entry align="center">Name</entry>
	    <entry align="center">DevScore</entry>
	    <entry align="center">Commits</entry>
	    <entry align="center">Lines ++</entry>
	    <entry align="center">Lines --</entry>
	</row>
	</thead>
	<tbody>
	<row>
		<entry>1. </entry>
		<entry>Razvan Crainea (<ulink url="https://github.com/razvancrainea">@razvancrainea</ulink>)</entry>
		<entry align="center">53</entry>
		<entry align="center">19</entry>
		<entry align="center">3377</entry>
		<entry align="center">294</entry>
	</row>
	<row>
		<entry>2. </entry>
		<entry>Alexandra Titoc</entry>
		<entry align="center">4</entry>
		<entry align="center">2</entry>
		<entry align="center">2</entry>
		<entry align="center">2</entry>
	</row>
	<row>
		<entry>3. </entry>
		<entry>Liviu Chircu (<ulink url="https://github.com/liviuchircu">@liviuchircu</ulink>)</entry>
		<entry align="center">3</entry>
		<entry align="center">1</entry>
		<entry align="center">1</entry>
		<entry align="center">1</entry>
	</row>
	</tbody>
	</tgroup>
	</table>

	<para>
	    <emphasis>(1) DevScore = author_commits + author_lines_added / (project_lines_added / project_commits) + author_lines_deleted / (project_lines_deleted / project_commits)</emphasis>
	</para>
	<para>
	    <emphasis>(2) including any documentation-related commits, excluding merge commits. Regarding imported patches/code, we do our best to count the work on behalf of the proper owner, as per the "fix_authors" and "mod_renames" arrays in opensips/doc/build-contrib.sh. If you identify any patches/commits which do not get properly attributed to you, please <ulink url="https://github.com/OpenSIPS/opensips/pulls"><citetitle>submit a pull request</citetitle></ulink></emphasis> which extends "fix_authors" and/or "mod_renames".
	</para>
	<para>
	    <emphasis>(3) ignoring whitespace edits, renamed files and auto-generated files</emphasis>
	</para>
</section>

<section id="contrib_commit_activity" xreflabel="contrib_commit_activity">
	<title>By Commit Activity</title>

	<table frame='all'><title>Most recently active contributors<superscript>(1)</superscript> to this module</title>
	<tgroup cols='3' align='left' colsep='1' rowsep='1'>
	<thead>
	<row>
	    <entry align="center"></entry>
	    <entry align="center">Name</entry>
	    <entry align="center">Commit Activity</entry>
	</row>
	</thead>
	<tbody>
	<row>
		<entry>1. </entry>
		<entry>Liviu Chircu (<ulink url="https://github.com/liviuchircu">@liviuchircu</ulink>)</entry>
		<entry align="center">Sep 2024 - Sep 2024</entry>
	</row>
	<row>
		<entry>2. </entry>
		<entry>Alexandra Titoc</entry>
		<entry align="center">Sep 2024 - Sep 2024</entry>
	</row>
	<row>
		<entry>3. </entry>
		<entry>Razvan Crainea (<ulink url="https://github.com/razvancrainea">@razvancrainea</ulink>)</entry>
		<entry align="center">Feb 2024 - Sep 2024</entry>
	</row>
	</tbody>
	</tgroup>
	</table>

	<para>
	    <emphasis>(1) including any documentation-related commits, excluding merge commits</emphasis>
	</para>
</section>

</chapter>
<chapter id="documentation" xreflabel="documentation">
	<title>Documentation</title>
<section id="documentation_contributors" xreflabel="documentation_contributors">
	<title>Contributors</title>
	<para><emphasis role='bold'>Last edited by:</emphasis> Razvan Crainea (<ulink url="https://github.com/razvancrainea">@razvancrainea</ulink>).</para>
</section>

</chapter>
