{
  "TemplateCreated": "2022-12-19 14:10:48.309155",
  "TemplateName": "BBSM/v0.0.1/BBSM_IMG_00001",
  "11": {
    "257": {
      "Attributes": {
        "AdministrativeState": 0,
        "Arc": 0,
        "ArcInterval": 0,
        "AutoDetectionConfiguration": 0,
        "BridgedOrIpInd": 2,
        "ConfigurationInd": 3,
        "DteOrDceInd": 0,
        "EthernetLoopbackConfiguration": 0,
        "ExpectedType": 0,
        "MaxFrameSize": 1518,
        "OperationalState": 0,
        "PauseTime": 0,
        "PowerControl": 0,
        "PppoeFilter": 0,
        "SensedType": 47
      }
    },
    "258": {
      "Attributes": {
        "AdministrativeState": 0,
        "Arc": 0,
        "ArcInterval": 0,
        "AutoDetectionConfiguration": 0,
        "BridgedOrIpInd": 2,
        "ConfigurationInd": 3,
        "DteOrDceInd": 0,
        "EthernetLoopbackConfiguration": 0,
        "ExpectedType": 0,
        "MaxFrameSize": 1518,
        "OperationalState": 0,
        "PauseTime": 0,
        "PowerControl": 0,
        "PppoeFilter": 0,
        "SensedType": 47
      }
    },
    "259": {
      "Attributes": {
        "AdministrativeState": 0,
        "Arc": 0,
        "ArcInterval": 0,
        "AutoDetectionConfiguration": 0,
        "BridgedOrIpInd": 2,
        "ConfigurationInd": 3,
        "DteOrDceInd": 0,
        "EthernetLoopbackConfiguration": 0,
        "ExpectedType": 0,
        "MaxFrameSize": 1518,
        "OperationalState": 0,
        "PauseTime": 0,
        "PowerControl": 0,
        "PppoeFilter": 0,
        "SensedType": 47
      }
    },
    "260": {
      "Attributes": {
        "AdministrativeState": 0,
        "Arc": 0,
        "ArcInterval": 0,
        "AutoDetectionConfiguration": 0,
        "BridgedOrIpInd": 2,
        "ConfigurationInd": 3,
        "DteOrDceInd": 0,
        "EthernetLoopbackConfiguration": 0,
        "ExpectedType": 0,
        "MaxFrameSize": 1518,
        "OperationalState": 0,
        "PauseTime": 0,
        "PowerControl": 0,
        "PppoeFilter": 0,
        "SensedType": 47
      }
    }
  },
  "257": {
    "0": {
      "Attributes": {
        "ConnectivityCapability": 127,
        "CurrentConnectivityMode": 7,
        "Deprecated": 1,
        "PriorityQueueScaleFactor": 1,
        "QualityOfServiceQosConfigurationFlexibility": 63,
        "Sysuptime": 6,
        "TotalGemPortIdNumber": 8,
        "TotalPriorityQueueNumber": 64,
        "TotalTrafficSchedulerNumber": 8
      }
    }
  },
  "262": {
    "32769": {
      "Attributes": {
        "AllocId": 65535
      }
    },
    "32770": {
      "Attributes": {
        "AllocId": 65535
      }
    },
    "32771": {
      "Attributes": {
        "AllocId": 65535
      }
    },
    "32772": {
      "Attributes": {
        "AllocId": 65535
      }
    },
    "32773": {
      "Attributes": {
        "AllocId": 65535
      }
    },
    "32774": {
      "Attributes": {
        "AllocId": 65535
      }
    },
    "32775": {
      "Attributes": {
        "AllocId": 65535
      }
    },
    "32776": {
      "Attributes": {
        "AllocId": 65535
      }
    }
  },
  "263": {
    "32769": {
      "Attributes": {
        "Arc": 0,
        "ArcInterval": 0,
        "Deprecated": 0,
        "GemBlockLength": 48,
        "LowerOpticalThreshold": 255,
        "LowerTransmitPowerThreshold": 129,
        "OnuResponseTime": 0,
        "OpticalSignalLevel": 57428,
        "PiggybackDbaReporting": 0,
        "SignalDegradeThreshold": 9,
        "SignalFailThreshold": 5,
        "SrIndication": 1,
        "TotalTcontNumber": 8,
        "TransmitOpticalLevel": 3171,
        "UpperOpticalThreshold": 255,
        "UpperTransmitPowerThreshold": 129
      }
    }
  },
  "264": {
    "257": {
      "Attributes": {
        "AdministrativeState": 0,
        "Deprecated": 0,
        "ManagementCapability": 0,
        "NonOmciManagementIdentifier": 0,
        "RelayAgentOptions": 0
      }
    },
    "258": {
      "Attributes": {
        "AdministrativeState": 0,
        "Deprecated": 0,
        "ManagementCapability": 0,
        "NonOmciManagementIdentifier": 0,
        "RelayAgentOptions": 0
      }
    },
    "259": {
      "Attributes": {
        "AdministrativeState": 0,
        "Deprecated": 0,
        "ManagementCapability": 0,
        "NonOmciManagementIdentifier": 0,
        "RelayAgentOptions": 0
      }
    },
    "260": {
      "Attributes": {
        "AdministrativeState": 0,
        "Deprecated": 0,
        "ManagementCapability": 0,
        "NonOmciManagementIdentifier": 0,
        "RelayAgentOptions": 0
      }
    }
  },
  "277": {
    "272": {
      "Attributes": {
        "AllocatedQueueSize": 100,
        "BackPressureClearQueueThreshold": 0,
        "BackPressureOccurQueueThreshold": 0,
        "BackPressureOperation": 1,
        "BackPressureTime": 0,
        "DiscardBlockCounterResetInterval": 0,
        "MaximumQueueSize": 100,
        "QueueConfigurationOption": 0,
        "RelatedPort": 16842752,
        "ThresholdValueForDiscardedBlocksDueToBufferOverflow": 0,
        "TrafficSchedulerPointer": 0,
        "Weight": 1
      }
    },
    "273": {
      "Attributes": {
        "AllocatedQueueSize": 100,
        "BackPressureClearQueueThreshold": 0,
        "BackPressureOccurQueueThreshold": 0,
        "BackPressureOperation": 1,
        "BackPressureTime": 0,
        "DiscardBlockCounterResetInterval": 0,
        "MaximumQueueSize": 100,
        "QueueConfigurationOption": 0,
        "RelatedPort": 16842753,
        "ThresholdValueForDiscardedBlocksDueToBufferOverflow": 0,
        "TrafficSchedulerPointer": 0,
        "Weight": 1
      }
    },
    "274": {
      "Attributes": {
        "AllocatedQueueSize": 100,
        "BackPressureClearQueueThreshold": 0,
        "BackPressureOccurQueueThreshold": 0,
        "BackPressureOperation": 1,
        "BackPressureTime": 0,
        "DiscardBlockCounterResetInterval": 0,
        "MaximumQueueSize": 100,
        "QueueConfigurationOption": 0,
        "RelatedPort": 16842754,
        "ThresholdValueForDiscardedBlocksDueToBufferOverflow": 0,
        "TrafficSchedulerPointer": 0,
        "Weight": 1
      }
    },
    "275": {
      "Attributes": {
        "AllocatedQueueSize": 100,
        "BackPressureClearQueueThreshold": 0,
        "BackPressureOccurQueueThreshold": 0,
        "BackPressureOperation": 1,
        "BackPressureTime": 0,
        "DiscardBlockCounterResetInterval": 0,
        "MaximumQueueSize": 100,
        "QueueConfigurationOption": 0,
        "RelatedPort": 16842755,
        "ThresholdValueForDiscardedBlocksDueToBufferOverflow": 0,
        "TrafficSchedulerPointer": 0,
        "Weight": 1
      }
    },
    "276": {
      "Attributes": {
        "AllocatedQueueSize": 100,
        "BackPressureClearQueueThreshold": 0,
        "BackPressureOccurQueueThreshold": 0,
        "BackPressureOperation": 1,
        "BackPressureTime": 0,
        "DiscardBlockCounterResetInterval": 0,
        "MaximumQueueSize": 100,
        "QueueConfigurationOption": 0,
        "RelatedPort": 16842756,
        "ThresholdValueForDiscardedBlocksDueToBufferOverflow": 0,
        "TrafficSchedulerPointer": 0,
        "Weight": 1
      }
    },
    "277": {
      "Attributes": {
        "AllocatedQueueSize": 100,
        "BackPressureClearQueueThreshold": 0,
        "BackPressureOccurQueueThreshold": 0,
        "BackPressureOperation": 1,
        "BackPressureTime": 0,
        "DiscardBlockCounterResetInterval": 0,
        "MaximumQueueSize": 100,
        "QueueConfigurationOption": 0,
        "RelatedPort": 16842757,
        "ThresholdValueForDiscardedBlocksDueToBufferOverflow": 0,
        "TrafficSchedulerPointer": 0,
        "Weight": 1
      }
    },
    "278": {
      "Attributes": {
        "AllocatedQueueSize": 100,
        "BackPressureClearQueueThreshold": 0,
        "BackPressureOccurQueueThreshold": 0,
        "BackPressureOperation": 1,
        "BackPressureTime": 0,
        "DiscardBlockCounterResetInterval": 0,
        "MaximumQueueSize": 100,
        "QueueConfigurationOption": 0,
        "RelatedPort": 16842758,
        "ThresholdValueForDiscardedBlocksDueToBufferOverflow": 0,
        "TrafficSchedulerPointer": 0,
        "Weight": 1
      }
    },
    "279": {
      "Attributes": {
        "AllocatedQueueSize": 100,
        "BackPressureClearQueueThreshold": 0,
        "BackPressureOccurQueueThreshold": 0,
        "BackPressureOperation": 1,
        "BackPressureTime": 0,
        "DiscardBlockCounterResetInterval": 0,
        "MaximumQueueSize": 100,
        "QueueConfigurationOption": 0,
        "RelatedPort": 16842759,
        "ThresholdValueForDiscardedBlocksDueToBufferOverflow": 0,
        "TrafficSchedulerPointer": 0,
        "Weight": 1
      }
    },
    "288": {
      "Attributes": {
        "AllocatedQueueSize": 100,
        "BackPressureClearQueueThreshold": 0,
        "BackPressureOccurQueueThreshold": 0,
        "BackPressureOperation": 1,
        "BackPressureTime": 0,
        "DiscardBlockCounterResetInterval": 0,
        "MaximumQueueSize": 100,
        "QueueConfigurationOption": 0,
        "RelatedPort": 16908288,
        "ThresholdValueForDiscardedBlocksDueToBufferOverflow": 0,
        "TrafficSchedulerPointer": 0,
        "Weight": 1
      }
    },
    "289": {
      "Attributes": {
        "AllocatedQueueSize": 100,
        "BackPressureClearQueueThreshold": 0,
        "BackPressureOccurQueueThreshold": 0,
        "BackPressureOperation": 1,
        "BackPressureTime": 0,
        "DiscardBlockCounterResetInterval": 0,
        "MaximumQueueSize": 100,
        "QueueConfigurationOption": 0,
        "RelatedPort": 16908289,
        "ThresholdValueForDiscardedBlocksDueToBufferOverflow": 0,
        "TrafficSchedulerPointer": 0,
        "Weight": 1
      }
    },
    "290": {
      "Attributes": {
        "AllocatedQueueSize": 100,
        "BackPressureClearQueueThreshold": 0,
        "BackPressureOccurQueueThreshold": 0,
        "BackPressureOperation": 1,
        "BackPressureTime": 0,
        "DiscardBlockCounterResetInterval": 0,
        "MaximumQueueSize": 100,
        "QueueConfigurationOption": 0,
        "RelatedPort": 16908290,
        "ThresholdValueForDiscardedBlocksDueToBufferOverflow": 0,
        "TrafficSchedulerPointer": 0,
        "Weight": 1
      }
    },
    "291": {
      "Attributes": {
        "AllocatedQueueSize": 100,
        "BackPressureClearQueueThreshold": 0,
        "BackPressureOccurQueueThreshold": 0,
        "BackPressureOperation": 1,
        "BackPressureTime": 0,
        "DiscardBlockCounterResetInterval": 0,
        "MaximumQueueSize": 100,
        "QueueConfigurationOption": 0,
        "RelatedPort": 16908291,
        "ThresholdValueForDiscardedBlocksDueToBufferOverflow": 0,
        "TrafficSchedulerPointer": 0,
        "Weight": 1
      }
    },
    "292": {
      "Attributes": {
        "AllocatedQueueSize": 100,
        "BackPressureClearQueueThreshold": 0,
        "BackPressureOccurQueueThreshold": 0,
        "BackPressureOperation": 1,
        "BackPressureTime": 0,
        "DiscardBlockCounterResetInterval": 0,
        "MaximumQueueSize": 100,
        "QueueConfigurationOption": 0,
        "RelatedPort": 16908292,
        "ThresholdValueForDiscardedBlocksDueToBufferOverflow": 0,
        "TrafficSchedulerPointer": 0,
        "Weight": 1
      }
    },
    "293": {
      "Attributes": {
        "AllocatedQueueSize": 100,
        "BackPressureClearQueueThreshold": 0,
        "BackPressureOccurQueueThreshold": 0,
        "BackPressureOperation": 1,
        "BackPressureTime": 0,
        "DiscardBlockCounterResetInterval": 0,
        "MaximumQueueSize": 100,
        "QueueConfigurationOption": 0,
        "RelatedPort": 16908293,
        "ThresholdValueForDiscardedBlocksDueToBufferOverflow": 0,
        "TrafficSchedulerPointer": 0,
        "Weight": 1
      }
    },
    "294": {
      "Attributes": {
        "AllocatedQueueSize": 100,
        "BackPressureClearQueueThreshold": 0,
        "BackPressureOccurQueueThreshold": 0,
        "BackPressureOperation": 1,
        "BackPressureTime": 0,
        "DiscardBlockCounterResetInterval": 0,
        "MaximumQueueSize": 100,
        "QueueConfigurationOption": 0,
        "RelatedPort": 16908294,
        "ThresholdValueForDiscardedBlocksDueToBufferOverflow": 0,
        "TrafficSchedulerPointer": 0,
        "Weight": 1
      }
    },
    "295": {
      "Attributes": {
        "AllocatedQueueSize": 100,
        "BackPressureClearQueueThreshold": 0,
        "BackPressureOccurQueueThreshold": 0,
        "BackPressureOperation": 1,
        "BackPressureTime": 0,
        "DiscardBlockCounterResetInterval": 0,
        "MaximumQueueSize": 100,
        "QueueConfigurationOption": 0,
        "RelatedPort": 16908295,
        "ThresholdValueForDiscardedBlocksDueToBufferOverflow": 0,
        "TrafficSchedulerPointer": 0,
        "Weight": 1
      }
    },
    "304": {
      "Attributes": {
        "AllocatedQueueSize": 100,
        "BackPressureClearQueueThreshold": 0,
        "BackPressureOccurQueueThreshold": 0,
        "BackPressureOperation": 1,
        "BackPressureTime": 0,
        "DiscardBlockCounterResetInterval": 0,
        "MaximumQueueSize": 100,
        "QueueConfigurationOption": 0,
        "RelatedPort": 16973824,
        "ThresholdValueForDiscardedBlocksDueToBufferOverflow": 0,
        "TrafficSchedulerPointer": 0,
        "Weight": 1
      }
    },
    "305": {
      "Attributes": {
        "AllocatedQueueSize": 100,
        "BackPressureClearQueueThreshold": 0,
        "BackPressureOccurQueueThreshold": 0,
        "BackPressureOperation": 1,
        "BackPressureTime": 0,
        "DiscardBlockCounterResetInterval": 0,
        "MaximumQueueSize": 100,
        "QueueConfigurationOption": 0,
        "RelatedPort": 16973825,
        "ThresholdValueForDiscardedBlocksDueToBufferOverflow": 0,
        "TrafficSchedulerPointer": 0,
        "Weight": 1
      }
    },
    "306": {
      "Attributes": {
        "AllocatedQueueSize": 100,
        "BackPressureClearQueueThreshold": 0,
        "BackPressureOccurQueueThreshold": 0,
        "BackPressureOperation": 1,
        "BackPressureTime": 0,
        "DiscardBlockCounterResetInterval": 0,
        "MaximumQueueSize": 100,
        "QueueConfigurationOption": 0,
        "RelatedPort": 16973826,
        "ThresholdValueForDiscardedBlocksDueToBufferOverflow": 0,
        "TrafficSchedulerPointer": 0,
        "Weight": 1
      }
    },
    "307": {
      "Attributes": {
        "AllocatedQueueSize": 100,
        "BackPressureClearQueueThreshold": 0,
        "BackPressureOccurQueueThreshold": 0,
        "BackPressureOperation": 1,
        "BackPressureTime": 0,
        "DiscardBlockCounterResetInterval": 0,
        "MaximumQueueSize": 100,
        "QueueConfigurationOption": 0,
        "RelatedPort": 16973827,
        "ThresholdValueForDiscardedBlocksDueToBufferOverflow": 0,
        "TrafficSchedulerPointer": 0,
        "Weight": 1
      }
    },
    "308": {
      "Attributes": {
        "AllocatedQueueSize": 100,
        "BackPressureClearQueueThreshold": 0,
        "BackPressureOccurQueueThreshold": 0,
        "BackPressureOperation": 1,
        "BackPressureTime": 0,
        "DiscardBlockCounterResetInterval": 0,
        "MaximumQueueSize": 100,
        "QueueConfigurationOption": 0,
        "RelatedPort": 16973828,
        "ThresholdValueForDiscardedBlocksDueToBufferOverflow": 0,
        "TrafficSchedulerPointer": 0,
        "Weight": 1
      }
    },
    "309": {
      "Attributes": {
        "AllocatedQueueSize": 100,
        "BackPressureClearQueueThreshold": 0,
        "BackPressureOccurQueueThreshold": 0,
        "BackPressureOperation": 1,
        "BackPressureTime": 0,
        "DiscardBlockCounterResetInterval": 0,
        "MaximumQueueSize": 100,
        "QueueConfigurationOption": 0,
        "RelatedPort": 16973829,
        "ThresholdValueForDiscardedBlocksDueToBufferOverflow": 0,
        "TrafficSchedulerPointer": 0,
        "Weight": 1
      }
    },
    "310": {
      "Attributes": {
        "AllocatedQueueSize": 100,
        "BackPressureClearQueueThreshold": 0,
        "BackPressureOccurQueueThreshold": 0,
        "BackPressureOperation": 1,
        "BackPressureTime": 0,
        "DiscardBlockCounterResetInterval": 0,
        "MaximumQueueSize": 100,
        "QueueConfigurationOption": 0,
        "RelatedPort": 16973830,
        "ThresholdValueForDiscardedBlocksDueToBufferOverflow": 0,
        "TrafficSchedulerPointer": 0,
        "Weight": 1
      }
    },
    "311": {
      "Attributes": {
        "AllocatedQueueSize": 100,
        "BackPressureClearQueueThreshold": 0,
        "BackPressureOccurQueueThreshold": 0,
        "BackPressureOperation": 1,
        "BackPressureTime": 0,
        "DiscardBlockCounterResetInterval": 0,
        "MaximumQueueSize": 100,
        "QueueConfigurationOption": 0,
        "RelatedPort": 16973831,
        "ThresholdValueForDiscardedBlocksDueToBufferOverflow": 0,
        "TrafficSchedulerPointer": 0,
        "Weight": 1
      }
    },
    "320": {
      "Attributes": {
        "AllocatedQueueSize": 100,
        "BackPressureClearQueueThreshold": 0,
        "BackPressureOccurQueueThreshold": 0,
        "BackPressureOperation": 1,
        "BackPressureTime": 0,
        "DiscardBlockCounterResetInterval": 0,
        "MaximumQueueSize": 100,
        "QueueConfigurationOption": 0,
        "RelatedPort": 17039360,
        "ThresholdValueForDiscardedBlocksDueToBufferOverflow": 0,
        "TrafficSchedulerPointer": 0,
        "Weight": 1
      }
    },
    "321": {
      "Attributes": {
        "AllocatedQueueSize": 100,
        "BackPressureClearQueueThreshold": 0,
        "BackPressureOccurQueueThreshold": 0,
        "BackPressureOperation": 1,
        "BackPressureTime": 0,
        "DiscardBlockCounterResetInterval": 0,
        "MaximumQueueSize": 100,
        "QueueConfigurationOption": 0,
        "RelatedPort": 17039361,
        "ThresholdValueForDiscardedBlocksDueToBufferOverflow": 0,
        "TrafficSchedulerPointer": 0,
        "Weight": 1
      }
    },
    "322": {
      "Attributes": {
        "AllocatedQueueSize": 100,
        "BackPressureClearQueueThreshold": 0,
        "BackPressureOccurQueueThreshold": 0,
        "BackPressureOperation": 1,
        "BackPressureTime": 0,
        "DiscardBlockCounterResetInterval": 0,
        "MaximumQueueSize": 100,
        "QueueConfigurationOption": 0,
        "RelatedPort": 17039362,
        "ThresholdValueForDiscardedBlocksDueToBufferOverflow": 0,
        "TrafficSchedulerPointer": 0,
        "Weight": 1
      }
    },
    "323": {
      "Attributes": {
        "AllocatedQueueSize": 100,
        "BackPressureClearQueueThreshold": 0,
        "BackPressureOccurQueueThreshold": 0,
        "BackPressureOperation": 1,
        "BackPressureTime": 0,
        "DiscardBlockCounterResetInterval": 0,
        "MaximumQueueSize": 100,
        "QueueConfigurationOption": 0,
        "RelatedPort": 17039363,
        "ThresholdValueForDiscardedBlocksDueToBufferOverflow": 0,
        "TrafficSchedulerPointer": 0,
        "Weight": 1
      }
    },
    "324": {
      "Attributes": {
        "AllocatedQueueSize": 100,
        "BackPressureClearQueueThreshold": 0,
        "BackPressureOccurQueueThreshold": 0,
        "BackPressureOperation": 1,
        "BackPressureTime": 0,
        "DiscardBlockCounterResetInterval": 0,
        "MaximumQueueSize": 100,
        "QueueConfigurationOption": 0,
        "RelatedPort": 17039364,
        "ThresholdValueForDiscardedBlocksDueToBufferOverflow": 0,
        "TrafficSchedulerPointer": 0,
        "Weight": 1
      }
    },
    "325": {
      "Attributes": {
        "AllocatedQueueSize": 100,
        "BackPressureClearQueueThreshold": 0,
        "BackPressureOccurQueueThreshold": 0,
        "BackPressureOperation": 1,
        "BackPressureTime": 0,
        "DiscardBlockCounterResetInterval": 0,
        "MaximumQueueSize": 100,
        "QueueConfigurationOption": 0,
        "RelatedPort": 17039365,
        "ThresholdValueForDiscardedBlocksDueToBufferOverflow": 0,
        "TrafficSchedulerPointer": 0,
        "Weight": 1
      }
    },
    "326": {
      "Attributes": {
        "AllocatedQueueSize": 100,
        "BackPressureClearQueueThreshold": 0,
        "BackPressureOccurQueueThreshold": 0,
        "BackPressureOperation": 1,
        "BackPressureTime": 0,
        "DiscardBlockCounterResetInterval": 0,
        "MaximumQueueSize": 100,
        "QueueConfigurationOption": 0,
        "RelatedPort": 17039366,
        "ThresholdValueForDiscardedBlocksDueToBufferOverflow": 0,
        "TrafficSchedulerPointer": 0,
        "Weight": 1
      }
    },
    "327": {
      "Attributes": {
        "AllocatedQueueSize": 100,
        "BackPressureClearQueueThreshold": 0,
        "BackPressureOccurQueueThreshold": 0,
        "BackPressureOperation": 1,
        "BackPressureTime": 0,
        "DiscardBlockCounterResetInterval": 0,
        "MaximumQueueSize": 100,
        "QueueConfigurationOption": 0,
        "RelatedPort": 17039367,
        "ThresholdValueForDiscardedBlocksDueToBufferOverflow": 0,
        "TrafficSchedulerPointer": 0,
        "Weight": 1
      }
    },
    "32784": {
      "Attributes": {
        "AllocatedQueueSize": 100,
        "BackPressureClearQueueThreshold": 0,
        "BackPressureOccurQueueThreshold": 0,
        "BackPressureOperation": 1,
        "BackPressureTime": 0,
        "DiscardBlockCounterResetInterval": 0,
        "MaximumQueueSize": 100,
        "QueueConfigurationOption": 0,
        "RelatedPort": 2147549184,
        "ThresholdValueForDiscardedBlocksDueToBufferOverflow": 0,
        "TrafficSchedulerPointer": 257,
        "Weight": 1
      }
    },
    "32785": {
      "Attributes": {
        "AllocatedQueueSize": 100,
        "BackPressureClearQueueThreshold": 0,
        "BackPressureOccurQueueThreshold": 0,
        "BackPressureOperation": 1,
        "BackPressureTime": 0,
        "DiscardBlockCounterResetInterval": 0,
        "MaximumQueueSize": 100,
        "QueueConfigurationOption": 0,
        "RelatedPort": 2147549185,
        "ThresholdValueForDiscardedBlocksDueToBufferOverflow": 0,
        "TrafficSchedulerPointer": 257,
        "Weight": 1
      }
    },
    "32786": {
      "Attributes": {
        "AllocatedQueueSize": 100,
        "BackPressureClearQueueThreshold": 0,
        "BackPressureOccurQueueThreshold": 0,
        "BackPressureOperation": 1,
        "BackPressureTime": 0,
        "DiscardBlockCounterResetInterval": 0,
        "MaximumQueueSize": 100,
        "QueueConfigurationOption": 0,
        "RelatedPort": 2147549186,
        "ThresholdValueForDiscardedBlocksDueToBufferOverflow": 0,
        "TrafficSchedulerPointer": 257,
        "Weight": 1
      }
    },
    "32787": {
      "Attributes": {
        "AllocatedQueueSize": 100,
        "BackPressureClearQueueThreshold": 0,
        "BackPressureOccurQueueThreshold": 0,
        "BackPressureOperation": 1,
        "BackPressureTime": 0,
        "DiscardBlockCounterResetInterval": 0,
        "MaximumQueueSize": 100,
        "QueueConfigurationOption": 0,
        "RelatedPort": 2147549187,
        "ThresholdValueForDiscardedBlocksDueToBufferOverflow": 0,
        "TrafficSchedulerPointer": 257,
        "Weight": 1
      }
    },
    "32788": {
      "Attributes": {
        "AllocatedQueueSize": 100,
        "BackPressureClearQueueThreshold": 0,
        "BackPressureOccurQueueThreshold": 0,
        "BackPressureOperation": 1,
        "BackPressureTime": 0,
        "DiscardBlockCounterResetInterval": 0,
        "MaximumQueueSize": 100,
        "QueueConfigurationOption": 0,
        "RelatedPort": 2147549188,
        "ThresholdValueForDiscardedBlocksDueToBufferOverflow": 0,
        "TrafficSchedulerPointer": 257,
        "Weight": 1
      }
    },
    "32789": {
      "Attributes": {
        "AllocatedQueueSize": 100,
        "BackPressureClearQueueThreshold": 0,
        "BackPressureOccurQueueThreshold": 0,
        "BackPressureOperation": 1,
        "BackPressureTime": 0,
        "DiscardBlockCounterResetInterval": 0,
        "MaximumQueueSize": 100,
        "QueueConfigurationOption": 0,
        "RelatedPort": 2147549189,
        "ThresholdValueForDiscardedBlocksDueToBufferOverflow": 0,
        "TrafficSchedulerPointer": 257,
        "Weight": 1
      }
    },
    "32790": {
      "Attributes": {
        "AllocatedQueueSize": 100,
        "BackPressureClearQueueThreshold": 0,
        "BackPressureOccurQueueThreshold": 0,
        "BackPressureOperation": 1,
        "BackPressureTime": 0,
        "DiscardBlockCounterResetInterval": 0,
        "MaximumQueueSize": 100,
        "QueueConfigurationOption": 0,
        "RelatedPort": 2147549190,
        "ThresholdValueForDiscardedBlocksDueToBufferOverflow": 0,
        "TrafficSchedulerPointer": 257,
        "Weight": 1
      }
    },
    "32791": {
      "Attributes": {
        "AllocatedQueueSize": 100,
        "BackPressureClearQueueThreshold": 0,
        "BackPressureOccurQueueThreshold": 0,
        "BackPressureOperation": 1,
        "BackPressureTime": 0,
        "DiscardBlockCounterResetInterval": 0,
        "MaximumQueueSize": 100,
        "QueueConfigurationOption": 0,
        "RelatedPort": 2147549191,
        "ThresholdValueForDiscardedBlocksDueToBufferOverflow": 0,
        "TrafficSchedulerPointer": 257,
        "Weight": 1
      }
    },
    "32800": {
      "Attributes": {
        "AllocatedQueueSize": 100,
        "BackPressureClearQueueThreshold": 0,
        "BackPressureOccurQueueThreshold": 0,
        "BackPressureOperation": 1,
        "BackPressureTime": 0,
        "DiscardBlockCounterResetInterval": 0,
        "MaximumQueueSize": 100,
        "QueueConfigurationOption": 0,
        "RelatedPort": 2147614720,
        "ThresholdValueForDiscardedBlocksDueToBufferOverflow": 0,
        "TrafficSchedulerPointer": 258,
        "Weight": 1
      }
    },
    "32801": {
      "Attributes": {
        "AllocatedQueueSize": 100,
        "BackPressureClearQueueThreshold": 0,
        "BackPressureOccurQueueThreshold": 0,
        "BackPressureOperation": 1,
        "BackPressureTime": 0,
        "DiscardBlockCounterResetInterval": 0,
        "MaximumQueueSize": 100,
        "QueueConfigurationOption": 0,
        "RelatedPort": 2147614721,
        "ThresholdValueForDiscardedBlocksDueToBufferOverflow": 0,
        "TrafficSchedulerPointer": 258,
        "Weight": 1
      }
    },
    "32802": {
      "Attributes": {
        "AllocatedQueueSize": 100,
        "BackPressureClearQueueThreshold": 0,
        "BackPressureOccurQueueThreshold": 0,
        "BackPressureOperation": 1,
        "BackPressureTime": 0,
        "DiscardBlockCounterResetInterval": 0,
        "MaximumQueueSize": 100,
        "QueueConfigurationOption": 0,
        "RelatedPort": 2147614722,
        "ThresholdValueForDiscardedBlocksDueToBufferOverflow": 0,
        "TrafficSchedulerPointer": 258,
        "Weight": 1
      }
    },
    "32803": {
      "Attributes": {
        "AllocatedQueueSize": 100,
        "BackPressureClearQueueThreshold": 0,
        "BackPressureOccurQueueThreshold": 0,
        "BackPressureOperation": 1,
        "BackPressureTime": 0,
        "DiscardBlockCounterResetInterval": 0,
        "MaximumQueueSize": 100,
        "QueueConfigurationOption": 0,
        "RelatedPort": 2147614723,
        "ThresholdValueForDiscardedBlocksDueToBufferOverflow": 0,
        "TrafficSchedulerPointer": 258,
        "Weight": 1
      }
    },
    "32804": {
      "Attributes": {
        "AllocatedQueueSize": 100,
        "BackPressureClearQueueThreshold": 0,
        "BackPressureOccurQueueThreshold": 0,
        "BackPressureOperation": 1,
        "BackPressureTime": 0,
        "DiscardBlockCounterResetInterval": 0,
        "MaximumQueueSize": 100,
        "QueueConfigurationOption": 0,
        "RelatedPort": 2147614724,
        "ThresholdValueForDiscardedBlocksDueToBufferOverflow": 0,
        "TrafficSchedulerPointer": 258,
        "Weight": 1
      }
    },
    "32805": {
      "Attributes": {
        "AllocatedQueueSize": 100,
        "BackPressureClearQueueThreshold": 0,
        "BackPressureOccurQueueThreshold": 0,
        "BackPressureOperation": 1,
        "BackPressureTime": 0,
        "DiscardBlockCounterResetInterval": 0,
        "MaximumQueueSize": 100,
        "QueueConfigurationOption": 0,
        "RelatedPort": 2147614725,
        "ThresholdValueForDiscardedBlocksDueToBufferOverflow": 0,
        "TrafficSchedulerPointer": 258,
        "Weight": 1
      }
    },
    "32806": {
      "Attributes": {
        "AllocatedQueueSize": 100,
        "BackPressureClearQueueThreshold": 0,
        "BackPressureOccurQueueThreshold": 0,
        "BackPressureOperation": 1,
        "BackPressureTime": 0,
        "DiscardBlockCounterResetInterval": 0,
        "MaximumQueueSize": 100,
        "QueueConfigurationOption": 0,
        "RelatedPort": 2147614726,
        "ThresholdValueForDiscardedBlocksDueToBufferOverflow": 0,
        "TrafficSchedulerPointer": 258,
        "Weight": 1
      }
    },
    "32807": {
      "Attributes": {
        "AllocatedQueueSize": 100,
        "BackPressureClearQueueThreshold": 0,
        "BackPressureOccurQueueThreshold": 0,
        "BackPressureOperation": 1,
        "BackPressureTime": 0,
        "DiscardBlockCounterResetInterval": 0,
        "MaximumQueueSize": 100,
        "QueueConfigurationOption": 0,
        "RelatedPort": 2147614727,
        "ThresholdValueForDiscardedBlocksDueToBufferOverflow": 0,
        "TrafficSchedulerPointer": 258,
        "Weight": 1
      }
    },
    "32816": {
      "Attributes": {
        "AllocatedQueueSize": 100,
        "BackPressureClearQueueThreshold": 0,
        "BackPressureOccurQueueThreshold": 0,
        "BackPressureOperation": 1,
        "BackPressureTime": 0,
        "DiscardBlockCounterResetInterval": 0,
        "MaximumQueueSize": 100,
        "QueueConfigurationOption": 0,
        "RelatedPort": 2147680256,
        "ThresholdValueForDiscardedBlocksDueToBufferOverflow": 0,
        "TrafficSchedulerPointer": 259,
        "Weight": 1
      }
    },
    "32817": {
      "Attributes": {
        "AllocatedQueueSize": 100,
        "BackPressureClearQueueThreshold": 0,
        "BackPressureOccurQueueThreshold": 0,
        "BackPressureOperation": 1,
        "BackPressureTime": 0,
        "DiscardBlockCounterResetInterval": 0,
        "MaximumQueueSize": 100,
        "QueueConfigurationOption": 0,
        "RelatedPort": 2147680257,
        "ThresholdValueForDiscardedBlocksDueToBufferOverflow": 0,
        "TrafficSchedulerPointer": 259,
        "Weight": 1
      }
    },
    "32818": {
      "Attributes": {
        "AllocatedQueueSize": 100,
        "BackPressureClearQueueThreshold": 0,
        "BackPressureOccurQueueThreshold": 0,
        "BackPressureOperation": 1,
        "BackPressureTime": 0,
        "DiscardBlockCounterResetInterval": 0,
        "MaximumQueueSize": 100,
        "QueueConfigurationOption": 0,
        "RelatedPort": 2147680258,
        "ThresholdValueForDiscardedBlocksDueToBufferOverflow": 0,
        "TrafficSchedulerPointer": 259,
        "Weight": 1
      }
    },
    "32819": {
      "Attributes": {
        "AllocatedQueueSize": 100,
        "BackPressureClearQueueThreshold": 0,
        "BackPressureOccurQueueThreshold": 0,
        "BackPressureOperation": 1,
        "BackPressureTime": 0,
        "DiscardBlockCounterResetInterval": 0,
        "MaximumQueueSize": 100,
        "QueueConfigurationOption": 0,
        "RelatedPort": 2147680259,
        "ThresholdValueForDiscardedBlocksDueToBufferOverflow": 0,
        "TrafficSchedulerPointer": 259,
        "Weight": 1
      }
    },
    "32820": {
      "Attributes": {
        "AllocatedQueueSize": 100,
        "BackPressureClearQueueThreshold": 0,
        "BackPressureOccurQueueThreshold": 0,
        "BackPressureOperation": 1,
        "BackPressureTime": 0,
        "DiscardBlockCounterResetInterval": 0,
        "MaximumQueueSize": 100,
        "QueueConfigurationOption": 0,
        "RelatedPort": 2147680260,
        "ThresholdValueForDiscardedBlocksDueToBufferOverflow": 0,
        "TrafficSchedulerPointer": 259,
        "Weight": 1
      }
    },
    "32821": {
      "Attributes": {
        "AllocatedQueueSize": 100,
        "BackPressureClearQueueThreshold": 0,
        "BackPressureOccurQueueThreshold": 0,
        "BackPressureOperation": 1,
        "BackPressureTime": 0,
        "DiscardBlockCounterResetInterval": 0,
        "MaximumQueueSize": 100,
        "QueueConfigurationOption": 0,
        "RelatedPort": 2147680261,
        "ThresholdValueForDiscardedBlocksDueToBufferOverflow": 0,
        "TrafficSchedulerPointer": 259,
        "Weight": 1
      }
    },
    "32822": {
      "Attributes": {
        "AllocatedQueueSize": 100,
        "BackPressureClearQueueThreshold": 0,
        "BackPressureOccurQueueThreshold": 0,
        "BackPressureOperation": 1,
        "BackPressureTime": 0,
        "DiscardBlockCounterResetInterval": 0,
        "MaximumQueueSize": 100,
        "QueueConfigurationOption": 0,
        "RelatedPort": 2147680262,
        "ThresholdValueForDiscardedBlocksDueToBufferOverflow": 0,
        "TrafficSchedulerPointer": 259,
        "Weight": 1
      }
    },
    "32823": {
      "Attributes": {
        "AllocatedQueueSize": 100,
        "BackPressureClearQueueThreshold": 0,
        "BackPressureOccurQueueThreshold": 0,
        "BackPressureOperation": 1,
        "BackPressureTime": 0,
        "DiscardBlockCounterResetInterval": 0,
        "MaximumQueueSize": 100,
        "QueueConfigurationOption": 0,
        "RelatedPort": 2147680263,
        "ThresholdValueForDiscardedBlocksDueToBufferOverflow": 0,
        "TrafficSchedulerPointer": 259,
        "Weight": 1
      }
    },
    "32832": {
      "Attributes": {
        "AllocatedQueueSize": 100,
        "BackPressureClearQueueThreshold": 0,
        "BackPressureOccurQueueThreshold": 0,
        "BackPressureOperation": 1,
        "BackPressureTime": 0,
        "DiscardBlockCounterResetInterval": 0,
        "MaximumQueueSize": 100,
        "QueueConfigurationOption": 0,
        "RelatedPort": 2147745792,
        "ThresholdValueForDiscardedBlocksDueToBufferOverflow": 0,
        "TrafficSchedulerPointer": 260,
        "Weight": 1
      }
    },
    "32833": {
      "Attributes": {
        "AllocatedQueueSize": 100,
        "BackPressureClearQueueThreshold": 0,
        "BackPressureOccurQueueThreshold": 0,
        "BackPressureOperation": 1,
        "BackPressureTime": 0,
        "DiscardBlockCounterResetInterval": 0,
        "MaximumQueueSize": 100,
        "QueueConfigurationOption": 0,
        "RelatedPort": 2147745793,
        "ThresholdValueForDiscardedBlocksDueToBufferOverflow": 0,
        "TrafficSchedulerPointer": 260,
        "Weight": 1
      }
    },
    "32834": {
      "Attributes": {
        "AllocatedQueueSize": 100,
        "BackPressureClearQueueThreshold": 0,
        "BackPressureOccurQueueThreshold": 0,
        "BackPressureOperation": 1,
        "BackPressureTime": 0,
        "DiscardBlockCounterResetInterval": 0,
        "MaximumQueueSize": 100,
        "QueueConfigurationOption": 0,
        "RelatedPort": 2147745794,
        "ThresholdValueForDiscardedBlocksDueToBufferOverflow": 0,
        "TrafficSchedulerPointer": 260,
        "Weight": 1
      }
    },
    "32835": {
      "Attributes": {
        "AllocatedQueueSize": 100,
        "BackPressureClearQueueThreshold": 0,
        "BackPressureOccurQueueThreshold": 0,
        "BackPressureOperation": 1,
        "BackPressureTime": 0,
        "DiscardBlockCounterResetInterval": 0,
        "MaximumQueueSize": 100,
        "QueueConfigurationOption": 0,
        "RelatedPort": 2147745795,
        "ThresholdValueForDiscardedBlocksDueToBufferOverflow": 0,
        "TrafficSchedulerPointer": 260,
        "Weight": 1
      }
    },
    "32836": {
      "Attributes": {
        "AllocatedQueueSize": 100,
        "BackPressureClearQueueThreshold": 0,
        "BackPressureOccurQueueThreshold": 0,
        "BackPressureOperation": 1,
        "BackPressureTime": 0,
        "DiscardBlockCounterResetInterval": 0,
        "MaximumQueueSize": 100,
        "QueueConfigurationOption": 0,
        "RelatedPort": 2147745796,
        "ThresholdValueForDiscardedBlocksDueToBufferOverflow": 0,
        "TrafficSchedulerPointer": 260,
        "Weight": 1
      }
    },
    "32837": {
      "Attributes": {
        "AllocatedQueueSize": 100,
        "BackPressureClearQueueThreshold": 0,
        "BackPressureOccurQueueThreshold": 0,
        "BackPressureOperation": 1,
        "BackPressureTime": 0,
        "DiscardBlockCounterResetInterval": 0,
        "MaximumQueueSize": 100,
        "QueueConfigurationOption": 0,
        "RelatedPort": 2147745797,
        "ThresholdValueForDiscardedBlocksDueToBufferOverflow": 0,
        "TrafficSchedulerPointer": 260,
        "Weight": 1
      }
    },
    "32838": {
      "Attributes": {
        "AllocatedQueueSize": 100,
        "BackPressureClearQueueThreshold": 0,
        "BackPressureOccurQueueThreshold": 0,
        "BackPressureOperation": 1,
        "BackPressureTime": 0,
        "DiscardBlockCounterResetInterval": 0,
        "MaximumQueueSize": 100,
        "QueueConfigurationOption": 0,
        "RelatedPort": 2147745798,
        "ThresholdValueForDiscardedBlocksDueToBufferOverflow": 0,
        "TrafficSchedulerPointer": 260,
        "Weight": 1
      }
    },
    "32839": {
      "Attributes": {
        "AllocatedQueueSize": 100,
        "BackPressureClearQueueThreshold": 0,
        "BackPressureOccurQueueThreshold": 0,
        "BackPressureOperation": 1,
        "BackPressureTime": 0,
        "DiscardBlockCounterResetInterval": 0,
        "MaximumQueueSize": 100,
        "QueueConfigurationOption": 0,
        "RelatedPort": 2147745799,
        "ThresholdValueForDiscardedBlocksDueToBufferOverflow": 0,
        "TrafficSchedulerPointer": 260,
        "Weight": 1
      }
    },
    "32848": {
      "Attributes": {
        "AllocatedQueueSize": 100,
        "BackPressureClearQueueThreshold": 0,
        "BackPressureOccurQueueThreshold": 0,
        "BackPressureOperation": 1,
        "BackPressureTime": 0,
        "DiscardBlockCounterResetInterval": 0,
        "MaximumQueueSize": 100,
        "QueueConfigurationOption": 0,
        "RelatedPort": 2147811328,
        "ThresholdValueForDiscardedBlocksDueToBufferOverflow": 0,
        "TrafficSchedulerPointer": 261,
        "Weight": 1
      }
    },
    "32849": {
      "Attributes": {
        "AllocatedQueueSize": 100,
        "BackPressureClearQueueThreshold": 0,
        "BackPressureOccurQueueThreshold": 0,
        "BackPressureOperation": 1,
        "BackPressureTime": 0,
        "DiscardBlockCounterResetInterval": 0,
        "MaximumQueueSize": 100,
        "QueueConfigurationOption": 0,
        "RelatedPort": 2147811329,
        "ThresholdValueForDiscardedBlocksDueToBufferOverflow": 0,
        "TrafficSchedulerPointer": 261,
        "Weight": 1
      }
    },
    "32850": {
      "Attributes": {
        "AllocatedQueueSize": 100,
        "BackPressureClearQueueThreshold": 0,
        "BackPressureOccurQueueThreshold": 0,
        "BackPressureOperation": 1,
        "BackPressureTime": 0,
        "DiscardBlockCounterResetInterval": 0,
        "MaximumQueueSize": 100,
        "QueueConfigurationOption": 0,
        "RelatedPort": 2147811330,
        "ThresholdValueForDiscardedBlocksDueToBufferOverflow": 0,
        "TrafficSchedulerPointer": 261,
        "Weight": 1
      }
    },
    "32851": {
      "Attributes": {
        "AllocatedQueueSize": 100,
        "BackPressureClearQueueThreshold": 0,
        "BackPressureOccurQueueThreshold": 0,
        "BackPressureOperation": 1,
        "BackPressureTime": 0,
        "DiscardBlockCounterResetInterval": 0,
        "MaximumQueueSize": 100,
        "QueueConfigurationOption": 0,
        "RelatedPort": 2147811331,
        "ThresholdValueForDiscardedBlocksDueToBufferOverflow": 0,
        "TrafficSchedulerPointer": 261,
        "Weight": 1
      }
    },
    "32852": {
      "Attributes": {
        "AllocatedQueueSize": 100,
        "BackPressureClearQueueThreshold": 0,
        "BackPressureOccurQueueThreshold": 0,
        "BackPressureOperation": 1,
        "BackPressureTime": 0,
        "DiscardBlockCounterResetInterval": 0,
        "MaximumQueueSize": 100,
        "QueueConfigurationOption": 0,
        "RelatedPort": 2147811332,
        "ThresholdValueForDiscardedBlocksDueToBufferOverflow": 0,
        "TrafficSchedulerPointer": 261,
        "Weight": 1
      }
    },
    "32853": {
      "Attributes": {
        "AllocatedQueueSize": 100,
        "BackPressureClearQueueThreshold": 0,
        "BackPressureOccurQueueThreshold": 0,
        "BackPressureOperation": 1,
        "BackPressureTime": 0,
        "DiscardBlockCounterResetInterval": 0,
        "MaximumQueueSize": 100,
        "QueueConfigurationOption": 0,
        "RelatedPort": 2147811333,
        "ThresholdValueForDiscardedBlocksDueToBufferOverflow": 0,
        "TrafficSchedulerPointer": 261,
        "Weight": 1
      }
    },
    "32854": {
      "Attributes": {
        "AllocatedQueueSize": 100,
        "BackPressureClearQueueThreshold": 0,
        "BackPressureOccurQueueThreshold": 0,
        "BackPressureOperation": 1,
        "BackPressureTime": 0,
        "DiscardBlockCounterResetInterval": 0,
        "MaximumQueueSize": 100,
        "QueueConfigurationOption": 0,
        "RelatedPort": 2147811334,
        "ThresholdValueForDiscardedBlocksDueToBufferOverflow": 0,
        "TrafficSchedulerPointer": 261,
        "Weight": 1
      }
    },
    "32855": {
      "Attributes": {
        "AllocatedQueueSize": 100,
        "BackPressureClearQueueThreshold": 0,
        "BackPressureOccurQueueThreshold": 0,
        "BackPressureOperation": 1,
        "BackPressureTime": 0,
        "DiscardBlockCounterResetInterval": 0,
        "MaximumQueueSize": 100,
        "QueueConfigurationOption": 0,
        "RelatedPort": 2147811335,
        "ThresholdValueForDiscardedBlocksDueToBufferOverflow": 0,
        "TrafficSchedulerPointer": 261,
        "Weight": 1
      }
    },
    "32864": {
      "Attributes": {
        "AllocatedQueueSize": 100,
        "BackPressureClearQueueThreshold": 0,
        "BackPressureOccurQueueThreshold": 0,
        "BackPressureOperation": 1,
        "BackPressureTime": 0,
        "DiscardBlockCounterResetInterval": 0,
        "MaximumQueueSize": 100,
        "QueueConfigurationOption": 0,
        "RelatedPort": 2147876864,
        "ThresholdValueForDiscardedBlocksDueToBufferOverflow": 0,
        "TrafficSchedulerPointer": 262,
        "Weight": 1
      }
    },
    "32865": {
      "Attributes": {
        "AllocatedQueueSize": 100,
        "BackPressureClearQueueThreshold": 0,
        "BackPressureOccurQueueThreshold": 0,
        "BackPressureOperation": 1,
        "BackPressureTime": 0,
        "DiscardBlockCounterResetInterval": 0,
        "MaximumQueueSize": 100,
        "QueueConfigurationOption": 0,
        "RelatedPort": 2147876865,
        "ThresholdValueForDiscardedBlocksDueToBufferOverflow": 0,
        "TrafficSchedulerPointer": 262,
        "Weight": 1
      }
    },
    "32866": {
      "Attributes": {
        "AllocatedQueueSize": 100,
        "BackPressureClearQueueThreshold": 0,
        "BackPressureOccurQueueThreshold": 0,
        "BackPressureOperation": 1,
        "BackPressureTime": 0,
        "DiscardBlockCounterResetInterval": 0,
        "MaximumQueueSize": 100,
        "QueueConfigurationOption": 0,
        "RelatedPort": 2147876866,
        "ThresholdValueForDiscardedBlocksDueToBufferOverflow": 0,
        "TrafficSchedulerPointer": 262,
        "Weight": 1
      }
    },
    "32867": {
      "Attributes": {
        "AllocatedQueueSize": 100,
        "BackPressureClearQueueThreshold": 0,
        "BackPressureOccurQueueThreshold": 0,
        "BackPressureOperation": 1,
        "BackPressureTime": 0,
        "DiscardBlockCounterResetInterval": 0,
        "MaximumQueueSize": 100,
        "QueueConfigurationOption": 0,
        "RelatedPort": 2147876867,
        "ThresholdValueForDiscardedBlocksDueToBufferOverflow": 0,
        "TrafficSchedulerPointer": 262,
        "Weight": 1
      }
    },
    "32868": {
      "Attributes": {
        "AllocatedQueueSize": 100,
        "BackPressureClearQueueThreshold": 0,
        "BackPressureOccurQueueThreshold": 0,
        "BackPressureOperation": 1,
        "BackPressureTime": 0,
        "DiscardBlockCounterResetInterval": 0,
        "MaximumQueueSize": 100,
        "QueueConfigurationOption": 0,
        "RelatedPort": 2147876868,
        "ThresholdValueForDiscardedBlocksDueToBufferOverflow": 0,
        "TrafficSchedulerPointer": 262,
        "Weight": 1
      }
    },
    "32869": {
      "Attributes": {
        "AllocatedQueueSize": 100,
        "BackPressureClearQueueThreshold": 0,
        "BackPressureOccurQueueThreshold": 0,
        "BackPressureOperation": 1,
        "BackPressureTime": 0,
        "DiscardBlockCounterResetInterval": 0,
        "MaximumQueueSize": 100,
        "QueueConfigurationOption": 0,
        "RelatedPort": 2147876869,
        "ThresholdValueForDiscardedBlocksDueToBufferOverflow": 0,
        "TrafficSchedulerPointer": 262,
        "Weight": 1
      }
    },
    "32870": {
      "Attributes": {
        "AllocatedQueueSize": 100,
        "BackPressureClearQueueThreshold": 0,
        "BackPressureOccurQueueThreshold": 0,
        "BackPressureOperation": 1,
        "BackPressureTime": 0,
        "DiscardBlockCounterResetInterval": 0,
        "MaximumQueueSize": 100,
        "QueueConfigurationOption": 0,
        "RelatedPort": 2147876870,
        "ThresholdValueForDiscardedBlocksDueToBufferOverflow": 0,
        "TrafficSchedulerPointer": 262,
        "Weight": 1
      }
    },
    "32871": {
      "Attributes": {
        "AllocatedQueueSize": 100,
        "BackPressureClearQueueThreshold": 0,
        "BackPressureOccurQueueThreshold": 0,
        "BackPressureOperation": 1,
        "BackPressureTime": 0,
        "DiscardBlockCounterResetInterval": 0,
        "MaximumQueueSize": 100,
        "QueueConfigurationOption": 0,
        "RelatedPort": 2147876871,
        "ThresholdValueForDiscardedBlocksDueToBufferOverflow": 0,
        "TrafficSchedulerPointer": 262,
        "Weight": 1
      }
    },
    "32880": {
      "Attributes": {
        "AllocatedQueueSize": 100,
        "BackPressureClearQueueThreshold": 0,
        "BackPressureOccurQueueThreshold": 0,
        "BackPressureOperation": 1,
        "BackPressureTime": 0,
        "DiscardBlockCounterResetInterval": 0,
        "MaximumQueueSize": 100,
        "QueueConfigurationOption": 0,
        "RelatedPort": 2147942400,
        "ThresholdValueForDiscardedBlocksDueToBufferOverflow": 0,
        "TrafficSchedulerPointer": 263,
        "Weight": 1
      }
    },
    "32881": {
      "Attributes": {
        "AllocatedQueueSize": 100,
        "BackPressureClearQueueThreshold": 0,
        "BackPressureOccurQueueThreshold": 0,
        "BackPressureOperation": 1,
        "BackPressureTime": 0,
        "DiscardBlockCounterResetInterval": 0,
        "MaximumQueueSize": 100,
        "QueueConfigurationOption": 0,
        "RelatedPort": 2147942401,
        "ThresholdValueForDiscardedBlocksDueToBufferOverflow": 0,
        "TrafficSchedulerPointer": 263,
        "Weight": 1
      }
    },
    "32882": {
      "Attributes": {
        "AllocatedQueueSize": 100,
        "BackPressureClearQueueThreshold": 0,
        "BackPressureOccurQueueThreshold": 0,
        "BackPressureOperation": 1,
        "BackPressureTime": 0,
        "DiscardBlockCounterResetInterval": 0,
        "MaximumQueueSize": 100,
        "QueueConfigurationOption": 0,
        "RelatedPort": 2147942402,
        "ThresholdValueForDiscardedBlocksDueToBufferOverflow": 0,
        "TrafficSchedulerPointer": 263,
        "Weight": 1
      }
    },
    "32883": {
      "Attributes": {
        "AllocatedQueueSize": 100,
        "BackPressureClearQueueThreshold": 0,
        "BackPressureOccurQueueThreshold": 0,
        "BackPressureOperation": 1,
        "BackPressureTime": 0,
        "DiscardBlockCounterResetInterval": 0,
        "MaximumQueueSize": 100,
        "QueueConfigurationOption": 0,
        "RelatedPort": 2147942403,
        "ThresholdValueForDiscardedBlocksDueToBufferOverflow": 0,
        "TrafficSchedulerPointer": 263,
        "Weight": 1
      }
    },
    "32884": {
      "Attributes": {
        "AllocatedQueueSize": 100,
        "BackPressureClearQueueThreshold": 0,
        "BackPressureOccurQueueThreshold": 0,
        "BackPressureOperation": 1,
        "BackPressureTime": 0,
        "DiscardBlockCounterResetInterval": 0,
        "MaximumQueueSize": 100,
        "QueueConfigurationOption": 0,
        "RelatedPort": 2147942404,
        "ThresholdValueForDiscardedBlocksDueToBufferOverflow": 0,
        "TrafficSchedulerPointer": 263,
        "Weight": 1
      }
    },
    "32885": {
      "Attributes": {
        "AllocatedQueueSize": 100,
        "BackPressureClearQueueThreshold": 0,
        "BackPressureOccurQueueThreshold": 0,
        "BackPressureOperation": 1,
        "BackPressureTime": 0,
        "DiscardBlockCounterResetInterval": 0,
        "MaximumQueueSize": 100,
        "QueueConfigurationOption": 0,
        "RelatedPort": 2147942405,
        "ThresholdValueForDiscardedBlocksDueToBufferOverflow": 0,
        "TrafficSchedulerPointer": 263,
        "Weight": 1
      }
    },
    "32886": {
      "Attributes": {
        "AllocatedQueueSize": 100,
        "BackPressureClearQueueThreshold": 0,
        "BackPressureOccurQueueThreshold": 0,
        "BackPressureOperation": 1,
        "BackPressureTime": 0,
        "DiscardBlockCounterResetInterval": 0,
        "MaximumQueueSize": 100,
        "QueueConfigurationOption": 0,
        "RelatedPort": 2147942406,
        "ThresholdValueForDiscardedBlocksDueToBufferOverflow": 0,
        "TrafficSchedulerPointer": 263,
        "Weight": 1
      }
    },
    "32887": {
      "Attributes": {
        "AllocatedQueueSize": 100,
        "BackPressureClearQueueThreshold": 0,
        "BackPressureOccurQueueThreshold": 0,
        "BackPressureOperation": 1,
        "BackPressureTime": 0,
        "DiscardBlockCounterResetInterval": 0,
        "MaximumQueueSize": 100,
        "QueueConfigurationOption": 0,
        "RelatedPort": 2147942407,
        "ThresholdValueForDiscardedBlocksDueToBufferOverflow": 0,
        "TrafficSchedulerPointer": 263,
        "Weight": 1
      }
    },
    "32896": {
      "Attributes": {
        "AllocatedQueueSize": 100,
        "BackPressureClearQueueThreshold": 0,
        "BackPressureOccurQueueThreshold": 0,
        "BackPressureOperation": 1,
        "BackPressureTime": 0,
        "DiscardBlockCounterResetInterval": 0,
        "MaximumQueueSize": 100,
        "QueueConfigurationOption": 0,
        "RelatedPort": 2148007936,
        "ThresholdValueForDiscardedBlocksDueToBufferOverflow": 0,
        "TrafficSchedulerPointer": 264,
        "Weight": 1
      }
    },
    "32897": {
      "Attributes": {
        "AllocatedQueueSize": 100,
        "BackPressureClearQueueThreshold": 0,
        "BackPressureOccurQueueThreshold": 0,
        "BackPressureOperation": 1,
        "BackPressureTime": 0,
        "DiscardBlockCounterResetInterval": 0,
        "MaximumQueueSize": 100,
        "QueueConfigurationOption": 0,
        "RelatedPort": 2148007937,
        "ThresholdValueForDiscardedBlocksDueToBufferOverflow": 0,
        "TrafficSchedulerPointer": 264,
        "Weight": 1
      }
    },
    "32898": {
      "Attributes": {
        "AllocatedQueueSize": 100,
        "BackPressureClearQueueThreshold": 0,
        "BackPressureOccurQueueThreshold": 0,
        "BackPressureOperation": 1,
        "BackPressureTime": 0,
        "DiscardBlockCounterResetInterval": 0,
        "MaximumQueueSize": 100,
        "QueueConfigurationOption": 0,
        "RelatedPort": 2148007938,
        "ThresholdValueForDiscardedBlocksDueToBufferOverflow": 0,
        "TrafficSchedulerPointer": 264,
        "Weight": 1
      }
    },
    "32899": {
      "Attributes": {
        "AllocatedQueueSize": 100,
        "BackPressureClearQueueThreshold": 0,
        "BackPressureOccurQueueThreshold": 0,
        "BackPressureOperation": 1,
        "BackPressureTime": 0,
        "DiscardBlockCounterResetInterval": 0,
        "MaximumQueueSize": 100,
        "QueueConfigurationOption": 0,
        "RelatedPort": 2148007939,
        "ThresholdValueForDiscardedBlocksDueToBufferOverflow": 0,
        "TrafficSchedulerPointer": 264,
        "Weight": 1
      }
    },
    "32900": {
      "Attributes": {
        "AllocatedQueueSize": 100,
        "BackPressureClearQueueThreshold": 0,
        "BackPressureOccurQueueThreshold": 0,
        "BackPressureOperation": 1,
        "BackPressureTime": 0,
        "DiscardBlockCounterResetInterval": 0,
        "MaximumQueueSize": 100,
        "QueueConfigurationOption": 0,
        "RelatedPort": 2148007940,
        "ThresholdValueForDiscardedBlocksDueToBufferOverflow": 0,
        "TrafficSchedulerPointer": 264,
        "Weight": 1
      }
    },
    "32901": {
      "Attributes": {
        "AllocatedQueueSize": 100,
        "BackPressureClearQueueThreshold": 0,
        "BackPressureOccurQueueThreshold": 0,
        "BackPressureOperation": 1,
        "BackPressureTime": 0,
        "DiscardBlockCounterResetInterval": 0,
        "MaximumQueueSize": 100,
        "QueueConfigurationOption": 0,
        "RelatedPort": 2148007941,
        "ThresholdValueForDiscardedBlocksDueToBufferOverflow": 0,
        "TrafficSchedulerPointer": 264,
        "Weight": 1
      }
    },
    "32902": {
      "Attributes": {
        "AllocatedQueueSize": 100,
        "BackPressureClearQueueThreshold": 0,
        "BackPressureOccurQueueThreshold": 0,
        "BackPressureOperation": 1,
        "BackPressureTime": 0,
        "DiscardBlockCounterResetInterval": 0,
        "MaximumQueueSize": 100,
        "QueueConfigurationOption": 0,
        "RelatedPort": 2148007942,
        "ThresholdValueForDiscardedBlocksDueToBufferOverflow": 0,
        "TrafficSchedulerPointer": 264,
        "Weight": 1
      }
    },
    "32903": {
      "Attributes": {
        "AllocatedQueueSize": 100,
        "BackPressureClearQueueThreshold": 0,
        "BackPressureOccurQueueThreshold": 0,
        "BackPressureOperation": 1,
        "BackPressureTime": 0,
        "DiscardBlockCounterResetInterval": 0,
        "MaximumQueueSize": 100,
        "QueueConfigurationOption": 0,
        "RelatedPort": 2148007943,
        "ThresholdValueForDiscardedBlocksDueToBufferOverflow": 0,
        "TrafficSchedulerPointer": 264,
        "Weight": 1
      }
    }
  },
  "278": {
    "257": {
      "Attributes": {
        "Policy": 2,
        "PriorityWeight": 0,
        "TContPointer": 32769,
        "TrafficSchedulerPointer": 0
      }
    },
    "258": {
      "Attributes": {
        "Policy": 2,
        "PriorityWeight": 0,
        "TContPointer": 32770,
        "TrafficSchedulerPointer": 0
      }
    },
    "259": {
      "Attributes": {
        "Policy": 2,
        "PriorityWeight": 0,
        "TContPointer": 32771,
        "TrafficSchedulerPointer": 0
      }
    },
    "260": {
      "Attributes": {
        "Policy": 2,
        "PriorityWeight": 0,
        "TContPointer": 32772,
        "TrafficSchedulerPointer": 0
      }
    },
    "261": {
      "Attributes": {
        "Policy": 2,
        "PriorityWeight": 0,
        "TContPointer": 32773,
        "TrafficSchedulerPointer": 0
      }
    },
    "262": {
      "Attributes": {
        "Policy": 2,
        "PriorityWeight": 0,
        "TContPointer": 32774,
        "TrafficSchedulerPointer": 0
      }
    },
    "263": {
      "Attributes": {
        "Policy": 2,
        "PriorityWeight": 0,
        "TContPointer": 32775,
        "TrafficSchedulerPointer": 0
      }
    },
    "264": {
      "Attributes": {
        "Policy": 2,
        "PriorityWeight": 0,
        "TContPointer": 32776,
        "TrafficSchedulerPointer": 0
      }
    }
  },
  "6": {
    "257": {
      "Attributes": {
        "AdministrativeState": 0,
        "BridgedOrIpInd": 0,
        "CardConfiguration": 0,
        "EquipmentId": "QkJTTS1DaXJjdWl0LVBhY2sAAAA=",
        "NumberOfPorts": 4,
        "OperationalState": 0,
        "PowerShedOverride": 0,
        "SerialNumber": "%SERIAL_NUMBER%",
        "TotalPriorityQueueNumber": 8,
        "TotalTContBufferNumber": 8,
        "TotalTrafficSchedulerNumber": 16,
        "Type": 47,
        "VendorId": "T05GAA==",
        "Version": "djAuMC4xAAAAAAAAAAA="
      }
    }
  }
}