<?xml version="1.0" encoding='UTF-8'?>
<!DOCTYPE book PUBLIC "-//OASIS//DTD DocBook XML V4.4//EN"
"http://www.oasis-open.org/docbook/xml/4.4/docbookx.dtd" [


<!ENTITY admin SYSTEM "aaa_diameter_admin.xml">
<!ENTITY contrib SYSTEM "contributors.xml">

<!-- Include general documentation entities -->
<!ENTITY % docentities SYSTEM "../../../doc/entities.xml">
%docentities;

]>

<book>
	<bookinfo>
	<title>AAA_DIAMETER MODULE</title>
	<productname class="trade">&osipsname;</productname>
	</bookinfo>
	<toc></toc>

	&admin;
	&contrib;

	&docCopyrights;
	<para>&copyright; 2021 &osipssol;</para>
</book>
