<!-- Module FAQ -->

<chapter>
	
	<title>&faqguide;</title>
	<qandaset defaultlabel="number">

	<qandaentry>
		<question>
		<para>What happened with old report_ack parameter</para>
		</question>
		<answer>
		<para>
			The parameter is considered obsolete. It was removed as acc
			module is doing SIP transaction based accouting and according
			to SIP RFC, end2end ACKs are a different transaction (still part
			of the same dialog). ACKs can be individually accouted as any
			other sequential (in-dialog) request.
		</para>$
		</answer>$
	</qandaentry>$

	<qandaentry>
		<question>
		<para>What happened with old log_fmt parameter</para>
		</question>
		<answer>
		<para>
			The parameter became obsolete with the restructure of the data
			logged by ACC module (refer to the Overview chapter). For similar
			behaviour you can use the extra accouting (see the corresponding
			chapter).
		</para>
		</answer>
	</qandaentry>

	<qandaentry>
		<question>
		<para>What happened with old multi_leg_enabled parameter</para>
		</question>
		<answer>
		<para>
			The parameter became obsolete by the addition of the new
			multi_leg_info parameter. The multi-leg accouting is automatically
			enabled when multi_leg_info is defined.
			</para>
		</answer>
	</qandaentry>

	<qandaentry>
		<question>
			<para>What happened with old src_leg_avp_id and dst_leg_avp_id
				parameters</para>
		</question>
		<answer>
		<para>
			The parameter was replaced by the more generic new parameter
			multi_leg_info. This allows logging (per-leg) of more information
			than just dst and src.
			</para>
		</answer>
	</qandaentry>

	<qandaentry>
		<question>
		<para>Where can I find more about OpenSIPS?</para>
		</question>
		<answer>
		<para>
			Take a look at &osipshomelink;.
		</para>
		</answer>
	</qandaentry>

	<qandaentry>
		<question>
		<para>Where can I post a question about this module?</para>
		</question>
		<answer>
		<para>
			First at all check if your question was already answered on one of
			our mailing lists: 
		</para>
		<itemizedlist>
			<listitem>
			<para>User Mailing List - &osipsuserslink;</para>
			</listitem>
			<listitem>
			<para>Developer Mailing List - &osipsdevlink;</para>
			</listitem>
		</itemizedlist>
		<para>
			E-mails regarding any stable &osips; release should be sent to 
			&osipsusersmail; and e-mails regarding development versions
			should be sent to &osipsdevmail;.
		</para>
		<para>
			If you want to keep the mail private, send it to 
			&osipshelpmail;.
		</para>
		</answer>
	</qandaentry>

	<qandaentry>
		<question>
		<para>How can I report a bug?</para>
		</question>
		<answer>
		<para>
			Please follow the guidelines provided at:
			&osipsbugslink;.
		</para>
		</answer>
	</qandaentry>
	</qandaset>
</chapter>

