<!-- THIS IS AN AUTO-GENERATED FILE -->
<chapter id="contributors" xreflabel="contributors">
    <title>&contributors;</title>

<section id="contrib_commit_statistics" xreflabel="contrib_commit_statistics">
	<title>By Commit Statistics</title>

	<table frame='all'><title>Top contributors by DevScore<superscript>(1)</superscript>, authored commits<superscript>(2)</superscript> and lines added/removed<superscript>(3)</superscript></title>
	<tgroup cols='6' align='left' colsep='1' rowsep='1'>
	<thead>
	<row>
	    <entry align="center"></entry>
	    <entry align="center">Name</entry>
	    <entry align="center">DevScore</entry>
	    <entry align="center">Commits</entry>
	    <entry align="center">Lines ++</entry>
	    <entry align="center">Lines --</entry>
	</row>
	</thead>
	<tbody>
	<row>
		<entry>1. </entry>
		<entry>Bogdan-Andrei Iancu (<ulink url="https://github.com/bogdan-iancu">@bogdan-iancu</ulink>)</entry>
		<entry align="center">226</entry>
		<entry align="center">114</entry>
		<entry align="center">4306</entry>
		<entry align="center">4609</entry>
	</row>
	<row>
		<entry>2. </entry>
		<entry>Jan Janak (<ulink url="https://github.com/janakj">@janakj</ulink>)</entry>
		<entry align="center">146</entry>
		<entry align="center">16</entry>
		<entry align="center">5587</entry>
		<entry align="center">5074</entry>
	</row>
	<row>
		<entry>3. </entry>
		<entry>Ionut Ionita (<ulink url="https://github.com/ionutrazvanionita">@ionutrazvanionita</ulink>)</entry>
		<entry align="center">139</entry>
		<entry align="center">39</entry>
		<entry align="center">3730</entry>
		<entry align="center">4180</entry>
	</row>
	<row>
		<entry>4. </entry>
		<entry>Razvan Crainea (<ulink url="https://github.com/razvancrainea">@razvancrainea</ulink>)</entry>
		<entry align="center">102</entry>
		<entry align="center">67</entry>
		<entry align="center">2705</entry>
		<entry align="center">677</entry>
	</row>
	<row>
		<entry>5. </entry>
		<entry>Liviu Chircu (<ulink url="https://github.com/liviuchircu">@liviuchircu</ulink>)</entry>
		<entry align="center">74</entry>
		<entry align="center">55</entry>
		<entry align="center">985</entry>
		<entry align="center">608</entry>
	</row>
	<row>
		<entry>6. </entry>
		<entry>Jiri Kuthan (<ulink url="https://github.com/jiriatipteldotorg">@jiriatipteldotorg</ulink>)</entry>
		<entry align="center">57</entry>
		<entry align="center">26</entry>
		<entry align="center">2272</entry>
		<entry align="center">660</entry>
	</row>
	<row>
		<entry>7. </entry>
		<entry>Daniel-Constantin Mierla (<ulink url="https://github.com/miconda">@miconda</ulink>)</entry>
		<entry align="center">26</entry>
		<entry align="center">23</entry>
		<entry align="center">115</entry>
		<entry align="center">88</entry>
	</row>
	<row>
		<entry>8. </entry>
		<entry>Elena-Ramona Modroiu</entry>
		<entry align="center">25</entry>
		<entry align="center">4</entry>
		<entry align="center">2267</entry>
		<entry align="center">5</entry>
	</row>
	<row>
		<entry>9. </entry>
		<entry>Vlad Patrascu (<ulink url="https://github.com/rvlad-patrascu">@rvlad-patrascu</ulink>)</entry>
		<entry align="center">22</entry>
		<entry align="center">11</entry>
		<entry align="center">353</entry>
		<entry align="center">478</entry>
	</row>
	<row>
		<entry>10. </entry>
		<entry>Henning Westerholt (<ulink url="https://github.com/henningw">@henningw</ulink>)</entry>
		<entry align="center">20</entry>
		<entry align="center">15</entry>
		<entry align="center">184</entry>
		<entry align="center">131</entry>
	</row>
	</tbody>
	</tgroup>
	</table>
<para><emphasis role='bold'>All remaining contributors</emphasis>: Vlad Paiu (<ulink url="https://github.com/vladpaiu">@vladpaiu</ulink>), Maksym Sobolyev (<ulink url="https://github.com/sobomax">@sobomax</ulink>), Irina-Maria Stanescu, Karel Kozlik, Andrei Pelinescu-Onciul, Alexandra Titoc, Dan Pascu (<ulink url="https://github.com/danpascu">@danpascu</ulink>), Juha Heinanen (<ulink url="https://github.com/juha-h">@juha-h</ulink>), Elena-Ramona Modroiu, Ryan Bullock (<ulink url="https://github.com/rrb3942">@rrb3942</ulink>), Ovidiu Sas (<ulink url="https://github.com/ovidiusas">@ovidiusas</ulink>), Walter Doekes (<ulink url="https://github.com/wdoekes">@wdoekes</ulink>), Sergio Gutierrez, Peter Nixon, Alex Massover, Nils Ohlmeier, Konstantin Bokarius, Alexey Vasilyev (<ulink url="https://github.com/vasilevalex">@vasilevalex</ulink>), Jesus Rodrigues, Julien Blache, Julián Moreno Patiño, Peter Lemenkov (<ulink url="https://github.com/lemenkov">@lemenkov</ulink>), Dusan Klinec (<ulink url="https://github.com/ph4r05">@ph4r05</ulink>), Edson Gellert Schubert.</para>
	<para>
	    <emphasis>(1) DevScore = author_commits + author_lines_added / (project_lines_added / project_commits) + author_lines_deleted / (project_lines_deleted / project_commits)</emphasis>
	</para>
	<para>
	    <emphasis>(2) including any documentation-related commits, excluding merge commits. Regarding imported patches/code, we do our best to count the work on behalf of the proper owner, as per the "fix_authors" and "mod_renames" arrays in opensips/doc/build-contrib.sh. If you identify any patches/commits which do not get properly attributed to you, please <ulink url="https://github.com/OpenSIPS/opensips/pulls"><citetitle>submit a pull request</citetitle></ulink></emphasis> which extends "fix_authors" and/or "mod_renames".
	</para>
	<para>
	    <emphasis>(3) ignoring whitespace edits, renamed files and auto-generated files</emphasis>
	</para>
</section>

<section id="contrib_commit_activity" xreflabel="contrib_commit_activity">
	<title>By Commit Activity</title>

	<table frame='all'><title>Most recently active contributors<superscript>(1)</superscript> to this module</title>
	<tgroup cols='3' align='left' colsep='1' rowsep='1'>
	<thead>
	<row>
	    <entry align="center"></entry>
	    <entry align="center">Name</entry>
	    <entry align="center">Commit Activity</entry>
	</row>
	</thead>
	<tbody>
	<row>
		<entry>1. </entry>
		<entry>Razvan Crainea (<ulink url="https://github.com/razvancrainea">@razvancrainea</ulink>)</entry>
		<entry align="center">Aug 2010 - Dec 2024</entry>
	</row>
	<row>
		<entry>2. </entry>
		<entry>Alexandra Titoc</entry>
		<entry align="center">Sep 2024 - Sep 2024</entry>
	</row>
	<row>
		<entry>3. </entry>
		<entry>Liviu Chircu (<ulink url="https://github.com/liviuchircu">@liviuchircu</ulink>)</entry>
		<entry align="center">Jan 2013 - May 2024</entry>
	</row>
	<row>
		<entry>4. </entry>
		<entry>Maksym Sobolyev (<ulink url="https://github.com/sobomax">@sobomax</ulink>)</entry>
		<entry align="center">Dec 2003 - Nov 2023</entry>
	</row>
	<row>
		<entry>5. </entry>
		<entry>Bogdan-Andrei Iancu (<ulink url="https://github.com/bogdan-iancu">@bogdan-iancu</ulink>)</entry>
		<entry align="center">Dec 2003 - May 2023</entry>
	</row>
	<row>
		<entry>6. </entry>
		<entry>Vlad Patrascu (<ulink url="https://github.com/rvlad-patrascu">@rvlad-patrascu</ulink>)</entry>
		<entry align="center">May 2017 - Mar 2023</entry>
	</row>
	<row>
		<entry>7. </entry>
		<entry>Alexey Vasilyev (<ulink url="https://github.com/vasilevalex">@vasilevalex</ulink>)</entry>
		<entry align="center">Mar 2022 - Mar 2022</entry>
	</row>
	<row>
		<entry>8. </entry>
		<entry>Walter Doekes (<ulink url="https://github.com/wdoekes">@wdoekes</ulink>)</entry>
		<entry align="center">Apr 2021 - Apr 2021</entry>
	</row>
	<row>
		<entry>9. </entry>
		<entry>Dan Pascu (<ulink url="https://github.com/danpascu">@danpascu</ulink>)</entry>
		<entry align="center">Jul 2004 - Sep 2018</entry>
	</row>
	<row>
		<entry>10. </entry>
		<entry>Peter Lemenkov (<ulink url="https://github.com/lemenkov">@lemenkov</ulink>)</entry>
		<entry align="center">Jun 2018 - Jun 2018</entry>
	</row>
	</tbody>
	</tgroup>
	</table>
<para><emphasis role='bold'>All remaining contributors</emphasis>: Ionut Ionita (<ulink url="https://github.com/ionutrazvanionita">@ionutrazvanionita</ulink>), Julián Moreno Patiño, Dusan Klinec (<ulink url="https://github.com/ph4r05">@ph4r05</ulink>), Vlad Paiu (<ulink url="https://github.com/vladpaiu">@vladpaiu</ulink>), Ryan Bullock (<ulink url="https://github.com/rrb3942">@rrb3942</ulink>), Irina-Maria Stanescu, Alex Massover, Sergio Gutierrez, Ovidiu Sas (<ulink url="https://github.com/ovidiusas">@ovidiusas</ulink>), Henning Westerholt (<ulink url="https://github.com/henningw">@henningw</ulink>), Daniel-Constantin Mierla (<ulink url="https://github.com/miconda">@miconda</ulink>), Konstantin Bokarius, Edson Gellert Schubert, Elena-Ramona Modroiu, Jesus Rodrigues, Julien Blache, Peter Nixon, Juha Heinanen (<ulink url="https://github.com/juha-h">@juha-h</ulink>), Jan Janak (<ulink url="https://github.com/janakj">@janakj</ulink>), Jiri Kuthan (<ulink url="https://github.com/jiriatipteldotorg">@jiriatipteldotorg</ulink>), Andrei Pelinescu-Onciul, Elena-Ramona Modroiu, Nils Ohlmeier, Karel Kozlik.</para>
	<para>
	    <emphasis>(1) including any documentation-related commits, excluding merge commits</emphasis>
	</para>
</section>

</chapter>
<chapter id="documentation" xreflabel="documentation">
	<title>Documentation</title>
<section id="documentation_contributors" xreflabel="documentation_contributors">
	<title>Contributors</title>
	<para><emphasis role='bold'>Last edited by:</emphasis> Liviu Chircu (<ulink url="https://github.com/liviuchircu">@liviuchircu</ulink>), Razvan Crainea (<ulink url="https://github.com/razvancrainea">@razvancrainea</ulink>), Bogdan-Andrei Iancu (<ulink url="https://github.com/bogdan-iancu">@bogdan-iancu</ulink>), Vlad Patrascu (<ulink url="https://github.com/rvlad-patrascu">@rvlad-patrascu</ulink>), Peter Lemenkov (<ulink url="https://github.com/lemenkov">@lemenkov</ulink>), Ionut Ionita (<ulink url="https://github.com/ionutrazvanionita">@ionutrazvanionita</ulink>), Ryan Bullock (<ulink url="https://github.com/rrb3942">@rrb3942</ulink>), Irina-Maria Stanescu, Sergio Gutierrez, Henning Westerholt (<ulink url="https://github.com/henningw">@henningw</ulink>), Daniel-Constantin Mierla (<ulink url="https://github.com/miconda">@miconda</ulink>), Konstantin Bokarius, Edson Gellert Schubert, Elena-Ramona Modroiu, Jan Janak (<ulink url="https://github.com/janakj">@janakj</ulink>), Maksym Sobolyev (<ulink url="https://github.com/sobomax">@sobomax</ulink>), Elena-Ramona Modroiu.</para>
</section>

</chapter>
