<!-- THIS IS AN AUTO-GENERATED FILE -->
<chapter id="contributors" xreflabel="contributors">
    <title>&contributors;</title>

<section id="contrib_commit_statistics" xreflabel="contrib_commit_statistics">
	<title>By Commit Statistics</title>

	<table frame='all'><title>Top contributors by DevScore<superscript>(1)</superscript>, authored commits<superscript>(2)</superscript> and lines added/removed<superscript>(3)</superscript></title>
	<tgroup cols='6' align='left' colsep='1' rowsep='1'>
	<thead>
	<row>
	    <entry align="center"></entry>
	    <entry align="center">Name</entry>
	    <entry align="center">DevScore</entry>
	    <entry align="center">Commits</entry>
	    <entry align="center">Lines ++</entry>
	    <entry align="center">Lines --</entry>
	</row>
	</thead>
	<tbody>
	<row>
		<entry>1. </entry>
		<entry>Jan Janak (<ulink url="https://github.com/janakj">@janakj</ulink>)</entry>
		<entry align="center">271</entry>
		<entry align="center">107</entry>
		<entry align="center">7717</entry>
		<entry align="center">6060</entry>
	</row>
	<row>
		<entry>2. </entry>
		<entry>Bogdan-Andrei Iancu (<ulink url="https://github.com/bogdan-iancu">@bogdan-iancu</ulink>)</entry>
		<entry align="center">50</entry>
		<entry align="center">34</entry>
		<entry align="center">704</entry>
		<entry align="center">615</entry>
	</row>
	<row>
		<entry>3. </entry>
		<entry>Daniel-Constantin Mierla (<ulink url="https://github.com/miconda">@miconda</ulink>)</entry>
		<entry align="center">39</entry>
		<entry align="center">21</entry>
		<entry align="center">1136</entry>
		<entry align="center">476</entry>
	</row>
	<row>
		<entry>4. </entry>
		<entry>Maksym Sobolyev (<ulink url="https://github.com/sobomax">@sobomax</ulink>)</entry>
		<entry align="center">33</entry>
		<entry align="center">13</entry>
		<entry align="center">587</entry>
		<entry align="center">862</entry>
	</row>
	<row>
		<entry>5. </entry>
		<entry>Liviu Chircu (<ulink url="https://github.com/liviuchircu">@liviuchircu</ulink>)</entry>
		<entry align="center">28</entry>
		<entry align="center">21</entry>
		<entry align="center">206</entry>
		<entry align="center">292</entry>
	</row>
	<row>
		<entry>6. </entry>
		<entry>Jiri Kuthan (<ulink url="https://github.com/jiriatipteldotorg">@jiriatipteldotorg</ulink>)</entry>
		<entry align="center">26</entry>
		<entry align="center">19</entry>
		<entry align="center">660</entry>
		<entry align="center">51</entry>
	</row>
	<row>
		<entry>7. </entry>
		<entry>Razvan Crainea (<ulink url="https://github.com/razvancrainea">@razvancrainea</ulink>)</entry>
		<entry align="center">18</entry>
		<entry align="center">13</entry>
		<entry align="center">212</entry>
		<entry align="center">169</entry>
	</row>
	<row>
		<entry>8. </entry>
		<entry>Vlad Patrascu (<ulink url="https://github.com/rvlad-patrascu">@rvlad-patrascu</ulink>)</entry>
		<entry align="center">18</entry>
		<entry align="center">10</entry>
		<entry align="center">420</entry>
		<entry align="center">236</entry>
	</row>
	<row>
		<entry>9. </entry>
		<entry>Anca Vamanu</entry>
		<entry align="center">12</entry>
		<entry align="center">5</entry>
		<entry align="center">497</entry>
		<entry align="center">77</entry>
	</row>
	<row>
		<entry>10. </entry>
		<entry>Henning Westerholt (<ulink url="https://github.com/henningw">@henningw</ulink>)</entry>
		<entry align="center">11</entry>
		<entry align="center">8</entry>
		<entry align="center">107</entry>
		<entry align="center">100</entry>
	</row>
	</tbody>
	</tgroup>
	</table>
<para><emphasis role='bold'>All remaining contributors</emphasis>: Edson Gellert Schubert, Andrei Pelinescu-Onciul, Juha Heinanen (<ulink url="https://github.com/juha-h">@juha-h</ulink>), Dan Pascu (<ulink url="https://github.com/danpascu">@danpascu</ulink>), Zero King (<ulink url="https://github.com/l2dy">@l2dy</ulink>), Sergio Gutierrez, Anatoly Pidruchny, Konstantin Bokarius, Vlad Paiu (<ulink url="https://github.com/vladpaiu">@vladpaiu</ulink>), Peter Lemenkov (<ulink url="https://github.com/lemenkov">@lemenkov</ulink>), Walter Doekes (<ulink url="https://github.com/wdoekes">@wdoekes</ulink>), Nils Ohlmeier, Dusan Klinec (<ulink url="https://github.com/ph4r05">@ph4r05</ulink>).</para>
	<para>
	    <emphasis>(1) DevScore = author_commits + author_lines_added / (project_lines_added / project_commits) + author_lines_deleted / (project_lines_deleted / project_commits)</emphasis>
	</para>
	<para>
	    <emphasis>(2) including any documentation-related commits, excluding merge commits. Regarding imported patches/code, we do our best to count the work on behalf of the proper owner, as per the "fix_authors" and "mod_renames" arrays in opensips/doc/build-contrib.sh. If you identify any patches/commits which do not get properly attributed to you, please <ulink url="https://github.com/OpenSIPS/opensips/pulls"><citetitle>submit a pull request</citetitle></ulink></emphasis> which extends "fix_authors" and/or "mod_renames".
	</para>
	<para>
	    <emphasis>(3) ignoring whitespace edits, renamed files and auto-generated files</emphasis>
	</para>
</section>

<section id="contrib_commit_activity" xreflabel="contrib_commit_activity">
	<title>By Commit Activity</title>

	<table frame='all'><title>Most recently active contributors<superscript>(1)</superscript> to this module</title>
	<tgroup cols='3' align='left' colsep='1' rowsep='1'>
	<thead>
	<row>
	    <entry align="center"></entry>
	    <entry align="center">Name</entry>
	    <entry align="center">Commit Activity</entry>
	</row>
	</thead>
	<tbody>
	<row>
		<entry>1. </entry>
		<entry>Liviu Chircu (<ulink url="https://github.com/liviuchircu">@liviuchircu</ulink>)</entry>
		<entry align="center">Mar 2014 - May 2024</entry>
	</row>
	<row>
		<entry>2. </entry>
		<entry>Razvan Crainea (<ulink url="https://github.com/razvancrainea">@razvancrainea</ulink>)</entry>
		<entry align="center">Jun 2011 - Feb 2024</entry>
	</row>
	<row>
		<entry>3. </entry>
		<entry>Maksym Sobolyev (<ulink url="https://github.com/sobomax">@sobomax</ulink>)</entry>
		<entry align="center">Jan 2005 - Mar 2023</entry>
	</row>
	<row>
		<entry>4. </entry>
		<entry>Vlad Patrascu (<ulink url="https://github.com/rvlad-patrascu">@rvlad-patrascu</ulink>)</entry>
		<entry align="center">May 2017 - Jun 2022</entry>
	</row>
	<row>
		<entry>5. </entry>
		<entry>Bogdan-Andrei Iancu (<ulink url="https://github.com/bogdan-iancu">@bogdan-iancu</ulink>)</entry>
		<entry align="center">Dec 2002 - Jan 2021</entry>
	</row>
	<row>
		<entry>6. </entry>
		<entry>Zero King (<ulink url="https://github.com/l2dy">@l2dy</ulink>)</entry>
		<entry align="center">Mar 2020 - Mar 2020</entry>
	</row>
	<row>
		<entry>7. </entry>
		<entry>Peter Lemenkov (<ulink url="https://github.com/lemenkov">@lemenkov</ulink>)</entry>
		<entry align="center">Jun 2018 - Jun 2018</entry>
	</row>
	<row>
		<entry>8. </entry>
		<entry>Dusan Klinec (<ulink url="https://github.com/ph4r05">@ph4r05</ulink>)</entry>
		<entry align="center">Dec 2015 - Dec 2015</entry>
	</row>
	<row>
		<entry>9. </entry>
		<entry>Walter Doekes (<ulink url="https://github.com/wdoekes">@wdoekes</ulink>)</entry>
		<entry align="center">Feb 2014 - Feb 2014</entry>
	</row>
	<row>
		<entry>10. </entry>
		<entry>Vlad Paiu (<ulink url="https://github.com/vladpaiu">@vladpaiu</ulink>)</entry>
		<entry align="center">Mar 2012 - Mar 2012</entry>
	</row>
	</tbody>
	</tgroup>
	</table>
<para><emphasis role='bold'>All remaining contributors</emphasis>: Sergio Gutierrez, Dan Pascu (<ulink url="https://github.com/danpascu">@danpascu</ulink>), Anca Vamanu, Daniel-Constantin Mierla (<ulink url="https://github.com/miconda">@miconda</ulink>), Konstantin Bokarius, Edson Gellert Schubert, Henning Westerholt (<ulink url="https://github.com/henningw">@henningw</ulink>), Juha Heinanen (<ulink url="https://github.com/juha-h">@juha-h</ulink>), Anatoly Pidruchny, Jan Janak (<ulink url="https://github.com/janakj">@janakj</ulink>), Jiri Kuthan (<ulink url="https://github.com/jiriatipteldotorg">@jiriatipteldotorg</ulink>), Andrei Pelinescu-Onciul, Nils Ohlmeier.</para>
	<para>
	    <emphasis>(1) including any documentation-related commits, excluding merge commits</emphasis>
	</para>
</section>

</chapter>
<chapter id="documentation" xreflabel="documentation">
	<title>Documentation</title>
<section id="documentation_contributors" xreflabel="documentation_contributors">
	<title>Contributors</title>
	<para><emphasis role='bold'>Last edited by:</emphasis> Maksym Sobolyev (<ulink url="https://github.com/sobomax">@sobomax</ulink>), Liviu Chircu (<ulink url="https://github.com/liviuchircu">@liviuchircu</ulink>), Vlad Patrascu (<ulink url="https://github.com/rvlad-patrascu">@rvlad-patrascu</ulink>), Peter Lemenkov (<ulink url="https://github.com/lemenkov">@lemenkov</ulink>), Razvan Crainea (<ulink url="https://github.com/razvancrainea">@razvancrainea</ulink>), Bogdan-Andrei Iancu (<ulink url="https://github.com/bogdan-iancu">@bogdan-iancu</ulink>), Sergio Gutierrez, Dan Pascu (<ulink url="https://github.com/danpascu">@danpascu</ulink>), Anca Vamanu, Daniel-Constantin Mierla (<ulink url="https://github.com/miconda">@miconda</ulink>), Konstantin Bokarius, Edson Gellert Schubert, Henning Westerholt (<ulink url="https://github.com/henningw">@henningw</ulink>), Jan Janak (<ulink url="https://github.com/janakj">@janakj</ulink>).</para>
</section>

</chapter>
