<?xml version="1.0" encoding="UTF-8"?>
<!-- this file is autogenerated, do not edit! -->
<!DOCTYPE book PUBLIC "-//OASIS//DTD DocBook XML V4.2//EN"
	"http://www.oasis-open.org/docbook/xml/4.2/docbookx.dtd"
	[ <!ENTITY % local.common.attrib
	 "xmlns:xi CDATA #FIXED 'http://www.w3.org/2001/XInclude'">]
>
<book id="cfg_var_list" xmlns:xi="http://www.w3.org/2001/XInclude">
	<title>Runtime Configuration Variables List</title>
	<bookinfo>
   <productname class="trade">kamailio.org</productname>
   <authorgroup>
    <author>
      <firstname>Kamailio</firstname>
      <surname>Development Team</surname>
      <affiliation><orgname>https://www.kamailio.org</orgname></affiliation>
      <address>sr-dev@lists.kamailio.org</address>
    </author>
   </authorgroup>
   <copyright>
    <year>2008-2017</year>
    <holder>Kamailio Project</holder>
   </copyright>
	</bookinfo>
		<xi:include href="cfg_core.xml"/>
		<xi:include href="cfg_tcp.xml"/>
		<xi:include href="cfg_carrierroute.xml"/>
		<xi:include href="cfg_debugger.xml"/>
		<xi:include href="cfg_dispatcher.xml"/>
		<xi:include href="cfg_ims_registrar_scscf.xml"/>
		<xi:include href="cfg_malloc_test.xml"/>
		<xi:include href="cfg_maxfwd.xml"/>
		<xi:include href="cfg_outbound.xml"/>
		<xi:include href="cfg_registrar.xml"/>
		<xi:include href="cfg_rtpengine.xml"/>
		<xi:include href="cfg_sctp.xml"/>
		<xi:include href="cfg_siputils.xml"/>
		<xi:include href="cfg_stun.xml"/>
		<xi:include href="cfg_tm.xml"/>
		<xi:include href="cfg_websocket.xml"/>
		<xi:include href="cfg_xlog.xml"/>
</book>
