<?xml version="1.0" encoding="UTF-8"?>
<!-- this file is autogenerated, do not edit! -->
<!DOCTYPE section PUBLIC "-//OASIS//DTD DocBook XML V4.2//EN"
	"http://www.oasis-open.org/docbook/xml/4.2/docbookx.dtd">
<chapter id="config_vars.xlog">
	<title> Configuration Variables for xlog</title>


<section id="xlog.methods_filter">
    <title>xlog.methods_filter</title>
    <para>
        Methods filter value for xlogm(...)..
    </para>
    <para>Default value: -1.</para>
    <para>Type: integer.</para>
    <para>
    </para>
</section>

</chapter>
