<?xml version="1.0" encoding="UTF-8"?>
<!-- this file is autogenerated, do not edit! -->
<!DOCTYPE section PUBLIC "-//OASIS//DTD DocBook XML V4.2//EN"
	"http://www.oasis-open.org/docbook/xml/4.2/docbookx.dtd">
<chapter id="config_vars.dbg">
	<title> Configuration Variables for dbg</title>


<section id="dbg.mod_level_mode">
    <title>dbg.mod_level_mode</title>
    <para>
        Enable or disable per module log level (0 - disabled, 1 -
        enabled).
    </para>
    <para>Default value: 0.</para>
    <para>Range: 0 - 1.</para>
    <para>Type: integer.</para>
    <para>
    </para>
</section>

<section id="dbg.mod_facility_mode">
    <title>dbg.mod_facility_mode</title>
    <para>
        Enable or disable per module log facility (0 - disabled, 1 -
        enabled).
    </para>
    <para>Default value: 0.</para>
    <para>Range: 0 - 1.</para>
    <para>Type: integer.</para>
    <para>
    </para>
</section>

<section id="dbg.mod_hash_size">
    <title>dbg.mod_hash_size</title>
    <para>
        power of two as size of internal hash table to store levels per
        module.
    </para>
    <para>Default value: 0.</para>
    <para>Type: integer.</para>
    <para>
        Read-only.
    </para>
</section>

</chapter>
