<?xml version="1.0" encoding="UTF-8"?>
<!DOCTYPE table PUBLIC "-//opensips.org//DTD DBSchema V1.1//EN" 
  "https://opensips.org/pub/opensips/dbschema/dtd/1.1/dbschema.dtd" [

<!ENTITY % entities SYSTEM "entities.xml">
%entities;

]>

<table id="acc" xmlns:db="http://docbook.org/ns/docbook">
	<name>acc</name>
	<version>7</version>
	<type db="mysql">&MYSQL_TABLE_TYPE;</type>
	<description>
		<db:para>This table is used by the ACC module to report on transactions - accounted calls. More information is available at: &OPENSIPS_MOD_DOC;acc.html
		</db:para>
	</description>

	<column id="id">
		<name>id</name>
		<type>unsigned int</type>
		<size>&table_id_len;</size>
		<autoincrement/>
		<primary/>
		<type db="dbtext">int,auto</type>
		<description>unique ID</description>
	</column>

	<column>
		<name>method</name>
		<type>string</type>
		<size>&method_len;</size>
		<description>A method is the primary function that a request is meant to invoke on a server.</description>
		<default/>
	</column>

	<column>
		<name>from_tag</name>
		<type>string</type>
		<size>&user_len;</size>
		<default/>
		<description>The tag parameter serves as a general mechanism to identify a dialog, which is the combination of the Call-ID along with two tags, one from participant in the dialog.</description>
	</column>

	<column>
		<name>to_tag</name>
		<type>string</type>
		<size>&user_len;</size>
		<default/>
		<description>The tag parameter serves as a general mechanism to identify a dialog, which is the combination of the Call-ID along with two tags, one from participant in the dialog.</description>
	</column>

	<column id="callid">
		<name>callid</name>
		<type>string</type>
		<natural/>
		<size>&domain_len;</size>
		<default/>
		<description>Call-ID header field uniquely identifies a particular invitation or all registrations of a particular client. </description>
	</column>

	<column>
		<name>sip_code</name>
		<type>string</type>
		<size>&sip_code_len;</size>
		<default/>
		<description>SIP reply code</description>
	</column>

	<column>
		<name>sip_reason</name>
		<type>string</type>
		<size>&sip_reason_len;</size>
		<default/>
		<description>SIP reply reason</description>
	</column>

	<column>
		<name>time</name>
		<type>datetime</type>
		<description>Date and time when this record was written.</description>
	</column>

	<column>
		<name>duration</name>
		<type>unsigned int</type>
		<size>&expires_len;</size>
		<default>0</default>
		<description>Call duration (from 200OK INVITE to BYE request) in seconds - this field is populated only if CDR support is enabled in ACC module (see cdr_flag parameter)</description>
	</column>

	<column>
		<name>ms_duration</name>
		<type>unsigned int</type>
		<size>&expires_len;</size>
		<default>0</default>
		<description>Call duration (from 200OK INVITE to BYE request) in milliseconds - this field is populated only if CDR support is enabled in ACC module (see cdr_flag parameter)</description>
	</column>

	<column>
		<name>setuptime</name>
		<type>unsigned int</type>
		<size>&expires_len;</size>
		<default>0</default>
		<description>Call initialization duration - (from INVITE request to 200 OK INVITE) - this filed is populated only if CDR support is enabled in ACC module (see cdr_flag parameter)</description>
	</column>

	<column>
		<name>created</name>
		<type>datetime</type>
		<null/>
		<default><null/></default>
		<description>The call creation date and time.</description>
	</column>

	<index>
		<name>callid_idx</name>
		<colref linkend="callid"/>
	</index>
</table>
