<?xml version="1.0" encoding="UTF-8"?>
<!DOCTYPE table PUBLIC "-//opensips.org//DTD DBSchema V1.1//EN" 
  "https://opensips.org/pub/opensips/dbschema/dtd/1.1/dbschema.dtd" [

<!ENTITY % entities SYSTEM "entities.xml">
%entities;

]>

<table id="jwt_profiles" xmlns:db="http://docbook.org/ns/docbook">
	<name>jwt_profiles</name>
	<version>1</version>
	<type db="mysql">&MYSQL_TABLE_TYPE;</type>
	<description>
		<db:para>This table is used by the AUTH_JWT module to read the actual JWT profiles info
		More information can be found at: &OPENSIPS_MOD_DOC;auth_jwt.html.
		</db:para>
	</description>

	<column id="id">
		<name>id</name>
		<type>unsigned int</type>
		<size>&table_id_len;</size>
		<autoincrement/>
		<natural/>
		<primary/>
		<type db="dbtext">int,auto</type>
		<description>Table key, not used by module</description>
	</column>

	<column id="tag">
		<name>tag</name>
		<type>string</type>
		<size>128</size>
		<description>Unique ID of the JWT profile</description>
	</column>

	<column id="sip_username">
		<name>sip_username</name>
		<type>string</type>
		<size>128</size>
		<description>The SIP username associated with the JWT profile
		</description>
	</column>

	<index>
		<name>jwt_tag_idx</name>
		<colref linkend="tag"/>
		<unique/>
	</index>


</table>
