<?xml version="1.0" encoding="UTF-8"?>
<!DOCTYPE table PUBLIC "-//opensips.org//DTD DBSchema V1.1//EN" 
  "https://opensips.org/pub/opensips/dbschema/dtd/1.1/dbschema.dtd" [

<!ENTITY % entities SYSTEM "entities.xml">
%entities;

]>

<table id="cachedb" xmlns:db="http://docbook.org/ns/docbook">
	<name>cachedb</name>
	<version>2</version>
	<type db="mysql">&MYSQL_TABLE_TYPE;</type>
	<description>
		<db:para>DB implementation of the CacheDB interface: &OPENSIPS_MOD_DOC;cachedb_sql.html
		</db:para>
	</description>

	<column id="id">
		<name>id</name>
		<type>unsigned int</type>
		<size>&table_id_len;</size>
		<autoincrement/>
		<natural/>
		<primary/>
		<type db="dbtext">int,auto</type>
		<description>Table primary key, not used by module
		</description>
	</column>

	<column id="keyname">
		<name>keyname</name>
		<type>string</type>
		<size>255</size>
		<description>The Key</description>
	</column>

	<column>
		<name>value</name>
		<type>text</type>
		<size>512</size>
		<description>The value</description>
	</column>

	<column>
		<name>counter</name>
		<type>int</type>
		<size>10</size>
		<default>0</default>
		<description>The value of the counter</description>
	</column>

	<column>
		<name>expires</name>
		<type>unsigned int</type>
		<size>10</size>
		<default>0</default>
		<description>The unix timestamp when the key will expires</description>
	</column>

	<index>
		<name>cachedbsql_keyname_idx</name>
		<colref linkend="keyname"/>
		<unique/>
	</index>

</table>
