<?xml version="1.0" encoding="UTF-8"?>
<!DOCTYPE table PUBLIC "-//opensips.org//DTD DBSchema V1.1//EN" 
  "https://opensips.org/pub/opensips/dbschema/dtd/1.1/dbschema.dtd" [

<!ENTITY % entities SYSTEM "entities.xml">
%entities;

]>

<table id="clusterer" xmlns:db="http://docbook.org/ns/docbook">
    <name>clusterer</name>
    <version>4</version>
    <type db="mysql">&MYSQL_TABLE_TYPE;</type>
    <description>
        <db:para>This table is used for defining clusters of OpenSIPS instances.
        </db:para>
    </description>

    <column id="id">
        <name>id</name>
        <type>int</type>
        <size>10</size>
        <autoincrement/>
        <primary/>
        <type db="dbtext">int,auto</type>
        <description>unique ID</description>
    </column>

    <column id="cluster_id">
        <name>cluster_id</name>
        <type>int</type>
        <size>10</size>
        <description>unique identifier for a cluster</description>
    </column>

    <column id="node_id">
        <name>node_id</name>
        <type>int</type>
        <size>10</size>
        <description>unique identifier for a node</description>
    </column>

    <column id="url">
        <name>url</name>
        <type>string</type>
        <size>64</size>
        <description>network location of the machine, like protocol:ip:port</description>
    </column>

    <column id="state">
        <name>state</name>
        <type>int</type>
        <size>1</size>
        <default>1</default>
        <description>state of the  machine 1 - Enabled, 0 - Disabled</description>
    </column>

    <column id="no_ping_retries">
        <name>no_ping_retries</name>
        <type>int</type>
        <size>10</size>
        <default>3</default>
        <description>maximum number of ping retries before the link with a node is considered down</description>
    </column>

    <column id="priority">
        <name>priority</name>
        <type>int</type>
        <size>10</size>
        <default>50</default>
        <description>priority to be chosen as next hop in case of same length(number of hops) paths</description>
    </column>

    <column id="sip_addr">
        <name>sip_addr</name>
        <type>string</type>
        <size>64</size>
        <null/>
        <description>SIP address, currently not used by the module</description>
    </column>

    <column id="flags">
        <name>flags</name>
        <type>string</type>
        <size>64</size>
        <null/>
        <description>Node flags: "seed" - node automatically considered to be synchronized</description>
    </column>

    <column id="description">
        <name>description</name>
        <type>string</type>
        <size>64</size>
        <null/>
        <description>opaque text not used by the module</description>
    </column>

    <index>
        <name>clusterer_idx</name>
        <colref linkend="cluster_id"/>
        <colref linkend="node_id"/>
        <unique/>
    </index>
    
</table>
