<?xml version="1.0" encoding="UTF-8"?>
<!DOCTYPE table PUBLIC "-//opensips.org//DTD DBSchema V1.1//EN" 
  "https://opensips.org/pub/opensips/dbschema/dtd/1.1/dbschema.dtd" [

<!ENTITY % entities SYSTEM "entities.xml">
%entities;

]>

<table id="dialplan" xmlns:db="http://docbook.org/ns/docbook">
    <name>dialplan</name>
    <version>5</version>
    <type db="mysql">&MYSQL_TABLE_TYPE;</type>
    <description>
        <db:para>This table is used by the dialplan module for the translation rules. More information is available at: &OPENSIPS_MOD_DOC;dialplan.html
        </db:para>
    </description>

    <column id="id">
        <name>id</name>
        <type>unsigned int</type>
        <size>&table_id_len;</size>
        <autoincrement/>
        <natural/>
        <primary/>
        <type db="dbtext">int,auto</type>
        <description>unique ID</description>
    </column>

    <column id="dpid">
        <name>dpid</name>
        <type>int</type>
        <size>11</size>
        <description>Dialplan ID.</description>
    </column>

    <column id="pr">
        <name>pr</name>
        <type>int</type>
        <size>11</size>
        <default>0</default>
        <description>Priority of rule.</description>
    </column>

    <column id="match_op">
        <name>match_op</name>
        <type>int</type>
        <size>11</size>
        <description>Matching operator for rule (0-equal, 1-regexp).</description>
    </column>

     <column id="match_exp">
        <name>match_exp</name>
        <type>string</type>
        <size>64</size>
        <description>Matching expression (regexp or string).</description>
    </column>

     <column id="match_flags">
        <name>match_flags</name>
        <type>int</type>
        <size>11</size>
        <default>0</default>
        <description>Matching flags (0-case sensitive, 1-case insensitive).</description>
    </column>

     <column id="subst_exp">
        <name>subst_exp</name>
        <type>string</type>
        <size>64</size>
        <default><null/></default>
        <null/>
        <description>Substitution expression.</description>
    </column>
    
    <column id="repl_exp">
        <name>repl_exp</name>
        <type>string</type>
        <size>32</size>
        <default><null/></default>
        <null/>
        <description>Replacement expression (sed like).</description>
    </column>

    <column id="timerec">
        <name>timerec</name>
        <type>string</type>
        <size>255</size>
        <default><null/></default>
        <null/>
        <description>Time recurrence used to match this rule.</description>
    </column>

    <column id="disabled">
        <name>disabled</name>
        <type>int</type>
        <size>11</size>
        <default>0</default>
        <description>Specifies if the command can be used, or is disabled.</description>
    </column>

    <column id="attrs">
        <name>attrs</name>
        <type>string</type>
        <size>255</size>
        <default><null/></default>
        <null/>
        <description>General attributes string to be returned in case of rule matching.</description>
    </column>
 
</table>
