<?xml version="1.0" encoding="UTF-8"?>
<!DOCTYPE table PUBLIC "-//opensips.org//DTD DBSchema V1.1//EN"
  "https://opensips.org/pub/opensips/dbschema/dtd/1.1/dbschema.dtd" [

<!ENTITY % entities SYSTEM "entities.xml">
%entities;

]>

<table id="dialog" xmlns:db="http://docbook.org/ns/docbook">
	<name>dialog</name>
	<version>12</version>
	<type db="mysql">&MYSQL_TABLE_TYPE;</type>
	<description>
		<db:para>Persistent dialog information for the dialog module. More
		information can be found at: &OPENSIPS_MOD_DOC;dialog.html
		</db:para>
	</description>

	<column id="dlg_id">
		<name>dlg_id</name>
		<type>unsigned long</type>
		<size>&table_id_len;</size>
		<primary/>
		<type db="dbtext">long</type>
		<description>h_entry | h_id</description>
	</column>

	<column>
		<name>callid</name>
		<type>string</type>
		<size>&hf_len;</size>
		<description>Call-ID of the dialog</description>

	</column>

	<column>
		<name>from_uri</name>
		<type>string</type>
		<size>&uri_len;</size>
		<description>The URI of the FROM header (as per INVITE)</description>
	</column>

	<column>
		<name>from_tag</name>
		<type>string</type>
		<size>&user_len;</size>
		<description>The tag parameter serves as a general mechanism to
		identify a dialog, which is the combination of the Call-ID along
		with two tags, one from participant in the dialog.</description>
	</column>

	<column>
		<name>to_uri</name>
		<type>string</type>
		<size>&uri_len;</size>
		<description>The URI of the TO header (as per INVITE)</description>
	</column>

	<column>
		<name>to_tag</name>
		<type>string</type>
		<size>&user_len;</size>
		<description>The tag parameter serves as a general mechanism to
		identify a dialog, which is the combination of the Call-ID along
		with two tags, one from participant in the dialog.</description>
	</column>

	<column>
		<name>mangled_from_uri</name>
		<type>string</type>
		<size>&uri_len;</size>
		<default><null/></default>
		<null/>
		<description>The mangled from URI, in case uac_replace_from
		was called for this dialog.</description>
	</column>

	<column>
		<name>mangled_to_uri</name>
		<type>string</type>
		<size>&uri_len;</size>
		<default><null/></default>
		<null/>
		<description>The mangled to URI, in case uac_replace_to
		was called for this dialog</description>
	</column>

	<column>
		<name>caller_cseq</name>
		<type>string</type>
		<size>&cseq_len;</size>
		<description>Last Cseq number on the caller side.</description>
	</column>

	<column>
		<name>callee_cseq</name>
		<type>string</type>
		<size>&cseq_len;</size>
		<description>Last Cseq number on the callee side.</description>
	</column>

	<column>
		<name>caller_ping_cseq</name>
		<type>unsigned int</type>
		<size>&cseq_len;</size>
		<description>Last Cseq number of pings generated on caller side.</description>
	</column>

	<column>
		<name>callee_ping_cseq</name>
		<type>unsigned int</type>
		<size>&cseq_len;</size>
		<description>Last Cseq number of pings generated on callee side.</description>
	</column>

	<column>
		<name>caller_route_set</name>
		<type>text</type>
		<size>512</size>
		<null/>
		<description>Route set on the caller side.</description>
	</column>

	<column>
		<name>callee_route_set</name>
		<type>text</type>
		<size>512</size>
		<null/>
		<description>Route set on on the caller side.</description>
	</column>

	<column>
		<name>caller_contact</name>
		<type>string</type>
		<size>&uri_len;</size>
		<null/>
		<description>Caller's contact uri.</description>
	</column>

	<column>
		<name>callee_contact</name>
		<type>string</type>
		<size>&uri_len;</size>
		<null/>
		<description>Callee's contact uri.</description>
	</column>

	<column>
		<name>caller_sock</name>
		<type>string</type>
		<size>64</size>
		<description>Local socket used to communicate with caller</description>
	</column>

	<column>
		<name>callee_sock</name>
		<type>string</type>
		<size>64</size>
		<description>Local socket used to communicate with callee</description>
	</column>


	<column>
		<name>state</name>
		<type>unsigned int</type>
		<size>10</size>
		<description>The state of the dialog.</description>
	</column>

	<column>
		<name>start_time</name>
		<type>unsigned int</type>
		<size>10</size>
		<description>The timestamp (unix time) when the dialog was confirmed.
		</description>
	</column>

	<column>
		<name>timeout</name>
		<type>unsigned int</type>
		<size>10</size>
		<description>The timestamp (unix time) when the dialog will expire.
		</description>
	</column>

	<column>
		<name>vars</name>
		<type>binary</type>
		<size>4096</size>
		<default><null/></default>
		<null/>
		<description>Variables attached to this dialog.</description>
	</column>

	<column>
		<name>profiles</name>
		<type>text</type>
		<size>512</size>
		<default><null/></default>
		<null/>
		<description>Profiles this dialog belongs to.</description>
	</column>

	<column>
		<name>script_flags</name>
		<type>string</type>
        <size>255</size>
		<null/>
        <default><null/></default>
		<description>Script flags for the dialog.</description>
	</column>

	<column>
		<name>module_flags</name>
		<type>unsigned int</type>
		<size>10</size>
		<default>0</default>
		<description>Module flags for the dialog.</description>
	</column>

	<column>
		<name>flags</name>
		<type>unsigned int</type>
		<size>10</size>
		<default>0</default>
		<description>Internal flags used by the module.</description>
	</column>

	<column>
		<name>rt_on_answer</name>
		<type>string</type>
		<size>64</size>
		<default><null/></default>
		<null/>
		<description>The name of the script route to be executed
		upon call answering</description>
	</column>

	<column>
		<name>rt_on_timeout</name>
		<type>string</type>
		<size>64</size>
		<default><null/></default>
		<null/>
		<description>The name of the script route to be executed
		upon call timeout (as duration)</description>
	</column>

	<column>
		<name>rt_on_hangup</name>
		<type>string</type>
		<size>64</size>
		<default><null/></default>
		<null/>
		<description>The name of the script route to be executed
		upon call hangup</description>
	</column>
</table>
