<?xml version="1.0" encoding="UTF-8"?>
<!DOCTYPE table PUBLIC "-//opensips.org//DTD DBSchema V1.1//EN" 
  "https://opensips.org/pub/opensips/dbschema/dtd/1.1/dbschema.dtd" [

<!ENTITY % entities SYSTEM "entities.xml">
%entities;

]>

<table id="dispatcher" xmlns:db="http://docbook.org/ns/docbook">
    <name>dispatcher</name>
    <version>9</version>
    <type db="mysql">&MYSQL_TABLE_TYPE;</type>
    <description>
        <db:para>This table is used by the dispatcher module. It contains the sets of destinations used for load balancing and dispatching. More information about the dispatcher module can be found at: &OPENSIPS_MOD_DOC;dispatcher.html
        </db:para>
    </description>

    <column id="id">
        <name>id</name>
        <type>unsigned int</type>
        <size>&table_id_len;</size>
        <autoincrement/>
        <primary/>
        <type db="dbtext">int,auto</type>
        <description>unique ID</description>
    </column>

    <column id="setid">
        <name>setid</name>
        <type>int</type>
        <description>Destination set id</description>
        <default>0</default>
        <natural/>
    </column>

    <column id="dst">
        <name>destination</name>
        <type>string</type>
        <size>192</size>
        <description>Destination SIP address</description>
        <default/>
    </column>

    <column>
        <name>socket</name>
        <type>string</type>
        <size>128</size>
        <null/>
        <default><null/></default>
        <description>Local Socket to be used when sending requests (traffic and probes)
        to the destination - must be an listener configured in opensips.
        </description>
    </column>

    <column>
        <name>state</name>
        <type>int</type>
        <description>The state of the destination (0 enabled, 1 disabled , 2 probing)</description>
        <default>0</default>
        <natural/>
    </column>

    <column id="probe_mode">
        <name>probe_mode</name>
        <type>unsigned int</type>
        <size>11</size>
        <default>0</default>
        <description>0-Probe only when in probing state; 1-Probe even in enable/active state;</description>
    </column>

    <column id="weight">
        <name>weight</name>
        <type>string</type>
        <size>64</size>
        <description>The weight of the destination (integer or socket definition) </description>
        <default>1</default>
        <natural/>
    </column>

    <column id="priority">
        <name>priority</name>
        <type>int</type>
        <description>The priority of each destination (only useful with algorithm 8)</description>
        <default>0</default>
        <natural/>
    </column>

    <column>
        <name>attrs</name>
        <type>string</type>
        <size>128</size>
        <default><null/></default>
        <null/>
        <description>Attribute string - custom, opaque string that
        will be pushed into script when this destination will 
        be selected</description>
    </column>

    <column>
        <name>description</name>
        <type>string</type>
        <size>64</size>
        <default><null/></default>
        <null/>
        <description>Description for this destination</description>
    </column>

</table>
