<?xml version="1.0" encoding="UTF-8"?>
<!DOCTYPE table PUBLIC "-//opensips.org//DTD DBSchema V1.1//EN" 
  "https://opensips.org/pub/opensips/dbschema/dtd/1.1/dbschema.dtd" [

<!ENTITY % entities SYSTEM "entities.xml">
%entities;

]>

<table id="dr_gateways" xmlns:db="http://docbook.org/ns/docbook">
	<name>dr_gateways</name>
	<version>6</version>
	<type db="mysql">&MYSQL_TABLE_TYPE;</type>
	<description>
		<db:para>This table is used by the Dynamic Routing module to store
		information about the destinations/gateways where to route calls.
		More information can be found at: &OPENSIPS_MOD_DOC;drouting.html.
		</db:para>
	</description>

	<column id="id">
		<name>id</name>
		<type>unsigned int</type>
		<size>&table_id_len;</size>
		<autoincrement/>
		<natural/>
		<primary/>
		<type db="dbtext">int,auto</type>
		<description>Table primary key, not used by module
		</description>
	</column>

	<column id="gwid">
		<name>gwid</name>
		<type>string</type>
		<size>64</size>
		<description>GW unique ID - used to link the GW from 
			the routing rules
		</description>
	</column>

	<column id="type">
		<name>type</name>
		<type>unsigned int</type>
		<size>11</size>
		<default>0</default>
		<description>Type/class of the GW (user defined)</description>
	</column>

	<column id="address">
		<name>address</name>
		<type>string</type>
		<size>128</size>
		<description>GW/destination address as name/IP[:port]</description>
	</column>

	<column id="strip">
		<name>strip</name>
		<type>unsigned int</type>
		<size>11</size>
		<default>0</default>
		<description>Number of digits to be striped out for the beginning 
			of the username when using this GW/destination</description>
	</column>

	<column id="pri_prefix">
		<name>pri_prefix</name>
		<type>string</type>
		<size>16</size>
		<null/>
		<default><null/></default>
		<description>String to prefix the username of RURI when using 
			this GW/destination</description>
	</column>

	<column id="attrs">
		<name>attrs</name>
		<type>string</type>
		<size>255</size>
		<null/>
		<default><null/></default>
		<description>Generic string describing GW attributes - this string is
			to be interpreted from the script</description>
	</column>

	<column id="probe_mode">
		<name>probe_mode</name>
		<type>unsigned int</type>
		<size>11</size>
		<default>0</default>
		<description>0- No probing; 1-Probe on disable only ; 2-Always probe;  </description>
	</column>

	<column>
		<name>state</name>
		<type>unsigned int</type>
		<size>11</size>
		<default>0</default>
		<description>State of the gateway: 0 - enabled; 1 - permanent disabled;
                2 - temporary disabled (probing)</description>
	</column>

	<column>
		<name>socket</name>
		<type>string</type>
		<size>128</size>
		<null/>
		<default><null/></default>
		<description>Local Socket to be used when sending requests (traffic and probes)
		to the destination - must be an listener configured in opensips.
		</description>
	</column>

	<column id="description">
		<name>description</name>
		<type>string</type>
		<size>128</size>
		<null/>
		<default><null/></default>
		<description>Text description of the GW/destination</description>
	</column>

	<index>
		<name>dr_gw_idx</name>
		<colref linkend="gwid"/>
		<unique/>
	</index>

</table>
