<?xml version="1.0" encoding="UTF-8"?>
<!DOCTYPE table PUBLIC "-//opensips.org//DTD DBSchema V1.1//EN" 
  "https://opensips.org/pub/opensips/dbschema/dtd/1.1/dbschema.dtd" [

<!ENTITY % entities SYSTEM "entities.xml">
%entities;

]>

<table id="xcap" xmlns:db="http://docbook.org/ns/docbook">
    <name>xcap</name>
    <version>4</version>
    <type db="mysql">&MYSQL_TABLE_TYPE;</type>
    <description>
        <db:para>Table for the presence module. More information can be found at: &OPENSIPS_MOD_DOC;presence.html
        </db:para>
    </description>

    <column id="id">
        <name>id</name>
        <type>unsigned int</type>
        <size>&table_id_len;</size>
        <autoincrement/>
        <primary/>
        <type db="dbtext">int,auto</type>
        <description>Unique ID</description>
    </column>

    <column id="username">
        <name>username</name>
        <type>string</type>
        <size>&user_len;</size>
        <description>User name</description>
        <natural/>
    </column>

    <column id="domain">
        <name>domain</name>
        <type>string</type>
        <size>&domain_len;</size>
        <description>Domain</description>
        <natural/>
    </column>

    <column>
        <name>doc</name>
        <type>binary</type>
        <description>doc</description>
        <type db="mysql">LONGBLOB</type>
        <pi_type db="mysql">DB_BLOB</pi_type>
    </column>

    <column id="doc_type">
        <name>doc_type</name>
        <type>int</type>
        <size>11</size>
        <description>Document type</description>
    </column>

    <column id="etag">
        <name>etag</name>
        <type>string</type>
        <size>&user_len;</size>
        <description>Document Etag</description>
    </column>

    <column id="source">
        <name>source</name>
        <type>int</type>
        <size>11</size>
        <description>Entity inserting the record</description>
    </column>

    <column id="doc_uri">
        <name>doc_uri</name>
        <type>string</type>
        <size>&uri_len;</size>
        <description>Document uri</description>
    </column>

    <column id="port">
        <name>port</name>
        <type>int</type>
        <size>11</size>
        <description>XCAP server port</description>
    </column>

    <index>
        <name>account_doc_type_idx</name>
        <colref linkend="username"/>
        <colref linkend="domain"/>
        <colref linkend="doc_type"/>
        <colref linkend="doc_uri"/>
        <unique/>
    </index>

    <index>
        <name>source_idx</name>
        <colref linkend="source"/>
    </index>

</table>
