<?xml version="1.0" encoding="UTF-8"?>
<!DOCTYPE table PUBLIC "-//opensips.org//DTD DBSchema V1.1//EN" 
  "http://opensips.org/pub/opensips/dbschema/dtd/1.1/dbschema.dtd" [

<!ENTITY % entities SYSTEM "entities.xml">
%entities;

]>

<table id="rc_clients" xmlns:db="http://docbook.org/ns/docbook">
	<name>rc_clients</name>
	<version>1</version>
	<type db="mysql">&MYSQL_TABLE_TYPE;</type>
	<description>
		<db:para>This table is used by the Rate Cacher module to keep track of the
		clients - the inbound side of the traffic.
		More information can be found at: &OPENSIPS_MOD_DOC;rate_cacher.html.
		</db:para>
	</description>

	<column id="id">
		<name>id</name>
		<type>unsigned int</type>
		<size>&table_id_len;</size>
		<autoincrement/>
		<natural/>
		<primary/>
		<type db="dbtext">int,auto</type>
		<description>Table primary key, not used by module
		</description>
	</column>

	<column id="client_id">
		<name>client_id</name>
		<type>string</type>
		<size>64</size>
		<description>Client unique ID
		</description>
	</column>

	<column id="wholesale_rate">
		<name>wholesale_rate</name>
		<type>unsigned int</type>
		<size>11</size>
		<default>0</default>
		<description>Wholesale Rate used for this clients</description>
	</column>

	<column id="retail_rate">
		<name>retail_rate</name>
		<type>unsigned int</type>
		<size>11</size>
		<default>0</default>
		<description>Retail Rate used for this client</description>
	</column>

	<index>
		<name>client_id_idx</name>
		<colref linkend="client_id"/>
		<unique/>
	</index>

</table>
