<?xml version="1.0" encoding="UTF-8"?>
<!DOCTYPE table PUBLIC "-//opensips.org//DTD DBSchema V1.1//EN" 
  "http://opensips.org/pub/opensips/dbschema/dtd/1.1/dbschema.dtd" [

<!ENTITY % entities SYSTEM "entities.xml">
%entities;

]>

<table id="rc_vendors" xmlns:db="http://docbook.org/ns/docbook">
	<name>rc_vendors</name>
	<version>1</version>
	<type db="mysql">&MYSQL_TABLE_TYPE;</type>
	<description>
		<db:para>This table is used by the Rate Cacher module to keep track of the
		vendors - the outbound side of the traffic.
		More information can be found at: &OPENSIPS_MOD_DOC;rate_cacher.html.
		</db:para>
	</description>

	<column id="id">
		<name>id</name>
		<type>unsigned int</type>
		<size>&table_id_len;</size>
		<autoincrement/>
		<natural/>
		<primary/>
		<type db="dbtext">int,auto</type>
		<description>Table primary key, not used by module
		</description>
	</column>

	<column id="vendor_id">
		<name>vendor_id</name>
		<type>string</type>
		<size>64</size>
		<description>Vendor unique ID 
		</description>
	</column>

	<column id="vendor_rate">
		<name>vendor_rate</name>
		<type>unsigned int</type>
		<size>11</size>
		<default>0</default>
		<description>Rate used for this vendor</description>
	</column>

	<index>
		<name>vendor_id_idx</name>
		<colref linkend="vendor_id"/>
		<unique/>
	</index>

</table>
