<?xml version="1.0" encoding="UTF-8"?>
<!DOCTYPE table PUBLIC "-//opensips.org//DTD DBSchema V1.1//EN" 
  "https://opensips.org/pub/opensips/dbschema/dtd/1.1/dbschema.dtd" [

<!ENTITY % entities SYSTEM "entities.xml">
%entities;

]>

<table id="rtpengine" xmlns:db="http://docbook.org/ns/docbook">
	<name>rtpengine</name>
	<version>1</version>
	<type db="mysql">&MYSQL_TABLE_TYPE;</type>
	<description>
		<db:para>This table is used by the RTPEngine module to store
		definitions of socket(s) used to connect to (a set) RTPEngine.
		More information can be found at: &OPENSIPS_MOD_DOC;rtpengine.html.
		</db:para>
	</description>

	<column id="id">
		<name>id</name>
		<type>unsigned int</type>
		<size>&table_id_len;</size>
		<autoincrement/>
		<natural/>
		<primary/>
		<type db="dbtext">int,auto</type>
		<description>Unique ID</description>
	</column>

	<column>
		<name>socket</name>
		<type>text</type>
		<description>RTPEngine socket used to send commands.
			Example: "udp:localhost:60000".
		</description>
	</column>

	<column id="set_id">
		<name>set_id</name>
		<type>unsigned int</type>
		<size>&table_id_len;</size>
		<description>The ID of the RTPEngine set.</description>
	</column>

</table>
