<?xml version="1.0" encoding="UTF-8"?>
<!DOCTYPE table PUBLIC "-//opensips.org//DTD DBSchema V1.1//EN" 
  "https://opensips.org/pub/opensips/dbschema/dtd/1.1/dbschema.dtd" [

<!ENTITY % entities SYSTEM "entities.xml">
%entities;

]>

<table id="tls_mgm" xmlns:db="http://docbook.org/ns/docbook">
    <name>tls_mgm</name>
    <version>3</version>
    <type db="mysql">&MYSQL_TABLE_TYPE;</type>
    <description>
        <db:para>This table is used for defining domains.
        </db:para>
    </description>

    <column id="id">
        <name>id</name>
        <type>unsigned int</type>
        <size>&table_id_len;</size>
        <autoincrement/>
        <primary/>
        <type db="dbtext">int,auto</type>
        <description>Unique DB ID</description>
    </column>

    <column id="domain">
        <name>domain</name>
        <type>string</type>
        <size>&id_len;</size>
        <description>TLS domain name, uniquely identifies a client or server domain</description>
    </column>

    <column id="match_ip_address">
        <name>match_ip_address</name>
        <type>string</type>
        <size>255</size>
        <default><null/></default>
        <null/>
        <description>network address in "ip:port" format, or the wildcard value "*", used to match connections with a tls domain</description>
    </column>

    <column id="match_sip_domain">
        <name>match_sip_domain</name>
        <type>string</type>
        <size>255</size>
        <default><null/></default>
        <null/>
        <description>FQDN used to match connections with a tls domain</description>
    </column>

    <column id="type">
        <name>type</name>
        <type>int</type>
        <size>1</size>
        <default>1</default>
        <type db="dbtext">int</type>
        <description>type of the domain : client domain(1), server domain (2) or both (0); 0 can be used only for default domains when the same specification is desired for both client and server</description>
    </column>

    <column id="method">
        <name>method</name>
        <type>string</type>
        <size>&method_len;</size>
        <default>SSLv23</default>
        <null/>
        <description>SSL method used by a certain domain</description>
    </column>

    <column id="verify_cert">
        <name>verify_cert</name>
        <type>int</type>
        <size>1</size>
        <default>1</default>
        <type db="dbtext">int</type>
        <null/>
        <description>verify certificate: 0 - no, 1 - yes</description>
    </column>

    <column id="require_cert">
        <name>require_cert</name>
        <type>int</type>
        <size>1</size>
        <default>1</default>
        <type db="dbtext">int</type>
        <null/>
        <description>require certificate: 0 - no, 1 - yes</description>
    </column>

    <column id="certificate">
        <name>certificate</name>
        <type>binary</type>
        <null/>
        <description>certificate associated with a certain domain</description>
    </column>

    <column id="private_key">
        <name>private_key</name>
        <type>binary</type>
        <null/>
        <description>private_key</description>
    </column>

    <column id="crl_check_all">
        <name>crl_check_all</name>
        <type>int</type>
        <size>1</size>
        <default>0</default>
        <type db="dbtext">int</type>
        <null/>
        <description>check all crl: 0 -no, 1 - yes</description>
    </column>

    <column id="crl_dir">
        <name>crl_dir</name>
        <type>string</type>
        <size>255</size>
        <default><null/></default>
        <null/>
        <description>crl directory</description>
    </column>

    <column id="ca_list">
        <name>ca_list</name>
        <type>binary</type>
        <default><null/></default>
        <null/>
        <type db="mysql">MEDIUMBLOB</type>
        <pi_type db="mysql">DB_BLOB</pi_type>
        <description>CA list</description>
    </column>
    
    <column id="ca_dir">
        <name>ca_dir</name>
        <type>string</type>
        <size>255</size>
        <default><null/></default>
        <null/>
        <description>ca directory</description>
    </column>
    
    <column id="cipher_list">
        <name>cipher_list</name>
        <type>string</type>
        <size>255</size>
        <default><null/></default>
        <null/>
        <description>the list of algorithms used for authentication and encryption allowed</description>
    </column>

    <column id="dh_params">
        <name>dh_params</name>
        <type>binary</type>
        <default><null/></default>
        <null/>
        <description>specifies the Diffie-Hellmann parameters</description>
    </column>

    <column id="ec_curve">
        <name>ec_curve</name>
        <type>string</type>
        <size>255</size>
        <default><null/></default>
        <null/>
        <description>specifies an elliptic curve which should be used for
        ciphers which demand an elliptic curve</description>
    </column>

    <index>
        <name>domain_type_idx</name>
        <colref linkend="domain"/>
        <colref linkend="type"/>
        <unique/>
    </index>

</table>
