<?xml version="1.0" encoding="UTF-8"?>
<!DOCTYPE table PUBLIC "-//pub/opensips/.org//DTD DBSchema V1.1//EN"
  "https://opensips.org/pub/opensips/dbschema/dtd/1.1/dbschema.dtd" [

<!ENTITY % entities SYSTEM "entities.xml">
%entities;

]>

<table id="tracer" xmlns:db="http://docbook.org/ns/docbook">
    <name>sip_trace</name>
    <version>5</version>
    <type db="mysql">&MYSQL_TABLE_TYPE;</type>
    <description>
        <db:para>This table is used to store incoming/outgoing SIP messages in database. More informations can be found in the tracer module documentation at: &OPENSIPS_MOD_DOC;tracer.html.
        </db:para>
    </description>

    <column id="id">
        <name>id</name>
        <type>unsigned int</type>
        <size>&table_id_len;</size>
        <autoincrement/>
        <primary/>
        <type db="dbtext">int,auto</type>
        <description>unique ID</description>
    </column>

    <column id="time_stamp">
        <name>time_stamp</name>
        <type>datetime</type>
        <default>&DEFAULT_DATETIME;</default>
        <default db="oracle">to_date('&DEFAULT_DATETIME;','yyyy-mm-dd hh24:mi:ss')</default>
        <description>Recording date</description>
    </column>

    <column id="callid">
        <name>callid</name>
        <type>string</type>
        <size>255</size>
        <default/>
        <description>call ID from SIP message</description>
        <natural/>
    </column>

    <column id="trace_attrs">
        <name>trace_attrs</name>
        <type>string</type>
        <size>&uri_len;</size>
        <null/>
        <default><null/></default>
        <description>SIP URI of the user being traced</description>
    </column>

    <column>
        <name>msg</name>
        <type>text</type>
        <description>Full SIP message</description>
    </column>

    <column>
        <name>method</name>
        <type>string</type>
        <size>32</size>
        <default/>
        <description>SIP method name</description>
    </column>

    <column>
        <name>status</name>
        <type>string</type>
        <size>&uri_len;</size>
        <null/>
        <default><null/></default>
        <description>SIP reply status</description>
    </column>

    <column>
        <name>from_proto</name>
        <type>string</type>
        <size>5</size>
        <description>Source protocol</description>
    </column>

    <column id="fromip">
        <name>from_ip</name>
        <type>string</type>
        <size>&ip_add_len;</size>
        <default/>
        <description>Source IP address</description>
    </column>

    <column>
        <name>from_port</name>
        <type>unsigned int</type>
		<size>5</size>
        <description>Source port</description>
    </column>

    <column>
        <name>to_proto</name>
        <type>string</type>
        <size>5</size>
        <description>Destination protocol</description>
    </column>

    <column>
        <name>to_ip</name>
        <type>string</type>
        <size>&ip_add_len;</size>
        <default/>
        <description>Destination IP address</description>
    </column>

    <column>
        <name>to_port</name>
        <type>unsigned int</type>
		<size>5</size>
        <description>Destination port</description>
    </column>

    <column>
        <name>fromtag</name>
        <type>string</type>
        <size>&id_len;</size>
        <default/>
        <description>From tag</description>
    </column>

    <column>
        <name>direction</name>
        <type>string</type>
        <size>4</size>
        <default/>
        <description>Destination IP address</description>
    </column>

    <index>
        <name>trace_attrs_idx</name>
        <colref linkend="trace_attrs"/>
    </index>

    <index>
        <name>date_idx</name>
        <colref linkend="time_stamp"/>
    </index>

    <index>
        <name>fromip_idx</name>
        <colref linkend="fromip"/>
    </index>

    <index>
        <name>callid_idx</name>
        <colref linkend="callid"/>
    </index>

</table>
