<!-- THIS IS AN AUTO-GENERATED FILE -->
<chapter id="contributors" xreflabel="contributors">
    <title>&contributors;</title>

<section id="contrib_commit_statistics" xreflabel="contrib_commit_statistics">
	<title>By Commit Statistics</title>

	<table frame='all'><title>Top contributors by DevScore<superscript>(1)</superscript>, authored commits<superscript>(2)</superscript> and lines added/removed<superscript>(3)</superscript></title>
	<tgroup cols='6' align='left' colsep='1' rowsep='1'>
	<thead>
	<row>
	    <entry align="center"></entry>
	    <entry align="center">Name</entry>
	    <entry align="center">DevScore</entry>
	    <entry align="center">Commits</entry>
	    <entry align="center">Lines ++</entry>
	    <entry align="center">Lines --</entry>
	</row>
	</thead>
	<tbody>
	<row>
		<entry>1. </entry>
		<entry>Irina-Maria Stanescu</entry>
		<entry align="center">24</entry>
		<entry align="center">10</entry>
		<entry align="center">1432</entry>
		<entry align="center">60</entry>
	</row>
	<row>
		<entry>2. </entry>
		<entry>Ionut Ionita (<ulink url="https://github.com/ionutrazvanionita">@ionutrazvanionita</ulink>)</entry>
		<entry align="center">23</entry>
		<entry align="center">11</entry>
		<entry align="center">1258</entry>
		<entry align="center">30</entry>
	</row>
	<row>
		<entry>3. </entry>
		<entry>Razvan Crainea (<ulink url="https://github.com/razvancrainea">@razvancrainea</ulink>)</entry>
		<entry align="center">15</entry>
		<entry align="center">13</entry>
		<entry align="center">51</entry>
		<entry align="center">42</entry>
	</row>
	<row>
		<entry>4. </entry>
		<entry>Bogdan-Andrei Iancu (<ulink url="https://github.com/bogdan-iancu">@bogdan-iancu</ulink>)</entry>
		<entry align="center">15</entry>
		<entry align="center">12</entry>
		<entry align="center">102</entry>
		<entry align="center">82</entry>
	</row>
	<row>
		<entry>5. </entry>
		<entry>Liviu Chircu (<ulink url="https://github.com/liviuchircu">@liviuchircu</ulink>)</entry>
		<entry align="center">9</entry>
		<entry align="center">7</entry>
		<entry align="center">21</entry>
		<entry align="center">49</entry>
	</row>
	<row>
		<entry>6. </entry>
		<entry>Vlad Patrascu (<ulink url="https://github.com/rvlad-patrascu">@rvlad-patrascu</ulink>)</entry>
		<entry align="center">6</entry>
		<entry align="center">3</entry>
		<entry align="center">49</entry>
		<entry align="center">73</entry>
	</row>
	<row>
		<entry>7. </entry>
		<entry>Boris Ratner</entry>
		<entry align="center">4</entry>
		<entry align="center">2</entry>
		<entry align="center">38</entry>
		<entry align="center">5</entry>
	</row>
	<row>
		<entry>8. </entry>
		<entry>Anca Vamanu</entry>
		<entry align="center">4</entry>
		<entry align="center">2</entry>
		<entry align="center">5</entry>
		<entry align="center">3</entry>
	</row>
	<row>
		<entry>9. </entry>
		<entry>Maksym Sobolyev (<ulink url="https://github.com/sobomax">@sobomax</ulink>)</entry>
		<entry align="center">4</entry>
		<entry align="center">2</entry>
		<entry align="center">4</entry>
		<entry align="center">4</entry>
	</row>
	<row>
		<entry>10. </entry>
		<entry>Matt Lehner</entry>
		<entry align="center">3</entry>
		<entry align="center">1</entry>
		<entry align="center">32</entry>
		<entry align="center">3</entry>
	</row>
	</tbody>
	</tgroup>
	</table>
<para><emphasis role='bold'>All remaining contributors</emphasis>: Авдиенко Михаил, Alex Massover, Alexandra Titoc, Julián Moreno Patiño, Peter Lemenkov (<ulink url="https://github.com/lemenkov">@lemenkov</ulink>), Walter Doekes (<ulink url="https://github.com/wdoekes">@wdoekes</ulink>), Zero King (<ulink url="https://github.com/l2dy">@l2dy</ulink>), Dan Pascu (<ulink url="https://github.com/danpascu">@danpascu</ulink>).</para>
	<para>
	    <emphasis>(1) DevScore = author_commits + author_lines_added / (project_lines_added / project_commits) + author_lines_deleted / (project_lines_deleted / project_commits)</emphasis>
	</para>
	<para>
	    <emphasis>(2) including any documentation-related commits, excluding merge commits. Regarding imported patches/code, we do our best to count the work on behalf of the proper owner, as per the "fix_authors" and "mod_renames" arrays in opensips/doc/build-contrib.sh. If you identify any patches/commits which do not get properly attributed to you, please <ulink url="https://github.com/OpenSIPS/opensips/pulls"><citetitle>submit a pull request</citetitle></ulink></emphasis> which extends "fix_authors" and/or "mod_renames".
	</para>
	<para>
	    <emphasis>(3) ignoring whitespace edits, renamed files and auto-generated files</emphasis>
	</para>
</section>

<section id="contrib_commit_activity" xreflabel="contrib_commit_activity">
	<title>By Commit Activity</title>

	<table frame='all'><title>Most recently active contributors<superscript>(1)</superscript> to this module</title>
	<tgroup cols='3' align='left' colsep='1' rowsep='1'>
	<thead>
	<row>
	    <entry align="center"></entry>
	    <entry align="center">Name</entry>
	    <entry align="center">Commit Activity</entry>
	</row>
	</thead>
	<tbody>
	<row>
		<entry>1. </entry>
		<entry>Alexandra Titoc</entry>
		<entry align="center">Sep 2024 - Sep 2024</entry>
	</row>
	<row>
		<entry>2. </entry>
		<entry>Maksym Sobolyev (<ulink url="https://github.com/sobomax">@sobomax</ulink>)</entry>
		<entry align="center">Feb 2023 - Feb 2023</entry>
	</row>
	<row>
		<entry>3. </entry>
		<entry>Zero King (<ulink url="https://github.com/l2dy">@l2dy</ulink>)</entry>
		<entry align="center">Mar 2020 - Mar 2020</entry>
	</row>
	<row>
		<entry>4. </entry>
		<entry>Razvan Crainea (<ulink url="https://github.com/razvancrainea">@razvancrainea</ulink>)</entry>
		<entry align="center">Sep 2010 - Sep 2019</entry>
	</row>
	<row>
		<entry>5. </entry>
		<entry>Dan Pascu (<ulink url="https://github.com/danpascu">@danpascu</ulink>)</entry>
		<entry align="center">May 2019 - May 2019</entry>
	</row>
	<row>
		<entry>6. </entry>
		<entry>Vlad Patrascu (<ulink url="https://github.com/rvlad-patrascu">@rvlad-patrascu</ulink>)</entry>
		<entry align="center">May 2017 - Apr 2019</entry>
	</row>
	<row>
		<entry>7. </entry>
		<entry>Bogdan-Andrei Iancu (<ulink url="https://github.com/bogdan-iancu">@bogdan-iancu</ulink>)</entry>
		<entry align="center">Aug 2009 - Apr 2019</entry>
	</row>
	<row>
		<entry>8. </entry>
		<entry>Liviu Chircu (<ulink url="https://github.com/liviuchircu">@liviuchircu</ulink>)</entry>
		<entry align="center">Mar 2014 - Nov 2018</entry>
	</row>
	<row>
		<entry>9. </entry>
		<entry>Peter Lemenkov (<ulink url="https://github.com/lemenkov">@lemenkov</ulink>)</entry>
		<entry align="center">Jun 2018 - Jun 2018</entry>
	</row>
	<row>
		<entry>10. </entry>
		<entry>Ionut Ionita (<ulink url="https://github.com/ionutrazvanionita">@ionutrazvanionita</ulink>)</entry>
		<entry align="center">Jun 2015 - Apr 2017</entry>
	</row>
	</tbody>
	</tgroup>
	</table>
<para><emphasis role='bold'>All remaining contributors</emphasis>: Julián Moreno Patiño, Walter Doekes (<ulink url="https://github.com/wdoekes">@wdoekes</ulink>), Boris Ratner, Matt Lehner, Irina-Maria Stanescu, Авдиенко Михаил, Alex Massover, Anca Vamanu.</para>
	<para>
	    <emphasis>(1) including any documentation-related commits, excluding merge commits</emphasis>
	</para>
</section>

</chapter>
<chapter id="documentation" xreflabel="documentation">
	<title>Documentation</title>
<section id="documentation_contributors" xreflabel="documentation_contributors">
	<title>Contributors</title>
	<para><emphasis role='bold'>Last edited by:</emphasis> Zero King (<ulink url="https://github.com/l2dy">@l2dy</ulink>), Vlad Patrascu (<ulink url="https://github.com/rvlad-patrascu">@rvlad-patrascu</ulink>), Peter Lemenkov (<ulink url="https://github.com/lemenkov">@lemenkov</ulink>), Liviu Chircu (<ulink url="https://github.com/liviuchircu">@liviuchircu</ulink>), Razvan Crainea (<ulink url="https://github.com/razvancrainea">@razvancrainea</ulink>), Ionut Ionita (<ulink url="https://github.com/ionutrazvanionita">@ionutrazvanionita</ulink>), Walter Doekes (<ulink url="https://github.com/wdoekes">@wdoekes</ulink>), Bogdan-Andrei Iancu (<ulink url="https://github.com/bogdan-iancu">@bogdan-iancu</ulink>), Boris Ratner, Irina-Maria Stanescu.</para>
</section>

</chapter>
