<?xml version="1.0" encoding="UTF-8"?>
<!-- this file is autogenerated, do not edit! -->
<!DOCTYPE section PUBLIC "-//OASIS//DTD DocBook XML V4.2//EN"
	"http://www.oasis-open.org/docbook/xml/4.2/docbookx.dtd">
<chapter id="rpc_exports.imc">
	<title>
RPC Exports for imc
	</title>


<section id="imc.list_rooms"><title>imc.list_rooms</title>
<para>
        List imc rooms.
</para>
<para>
        Returns an array.
</para>
</section>

<section id="imc.list_members"><title>imc.list_members</title>
<para>
        List members in an imc room.
</para>
<para>
</para>
</section>

</chapter>
