<?xml version="1.0" encoding="UTF-8"?>
<!-- this file is autogenerated, do not edit! -->
<!DOCTYPE section PUBLIC "-//OASIS//DTD DocBook XML V4.2//EN"
	"http://www.oasis-open.org/docbook/xml/4.2/docbookx.dtd">
<chapter id="rpc_exports.pua_rpc">
	<title>
RPC Exports for pua_rpc
	</title>


<section id="pua.publish"><title>pua.publish</title>
<para>
        Documentation missing (pua_rpc_publish_doc).
</para>
<para>
</para>
</section>

<section id="pua.subscribe"><title>pua.subscribe</title>
<para>
        Documentation missing (pua_rpc_subscribe_doc).
</para>
<para>
</para>
</section>

</chapter>
