<?xml version="1.0" encoding="UTF-8"?>
<!-- this file is autogenerated, do not edit! -->
<!DOCTYPE section PUBLIC "-//OASIS//DTD DocBook XML V4.2//EN"
	"http://www.oasis-open.org/docbook/xml/4.2/docbookx.dtd">
<chapter id="rpc_exports.call_obj">
	<title>
RPC Exports for call_obj
	</title>


<section id="call_obj.free"><title>call_obj.free</title>
<para>
        Free an object so it can be assigned again
</para>
<para>
</para>
</section>

<section id="call_obj.stats"><title>call_obj.stats</title>
<para>
        Show statistics about module objects
</para>
<para>
</para>
</section>

<section id="call_obj.free_all"><title>call_obj.free_all</title>
<para>
        Documentation missing (rpc_call_obj_free_all_doc).
</para>
<para>
</para>
</section>

<section id="call_obj.list"><title>call_obj.list</title>
<para>
        Get a list of objects with a longer duration (in seconds) than
        a number
</para>
<para>
</para>
</section>

</chapter>
