<?xml version="1.0" encoding="UTF-8"?>
<!-- this file is autogenerated, do not edit! -->
<!DOCTYPE section PUBLIC "-//OASIS//DTD DocBook XML V4.2//EN"
	"http://www.oasis-open.org/docbook/xml/4.2/docbookx.dtd">
<chapter id="rpc_exports.tm">
	<title>
RPC Exports for tm
	</title>


<section id="tm.cancel"><title>tm.cancel</title>
<para>
        Documentation missing (rpc_cancel_doc).
</para>
<para>
</para>
</section>

<section id="tm.reply"><title>tm.reply</title>
<para>
        Documentation missing (rpc_reply_doc).
</para>
<para>
</para>
</section>

<section id="tm.reply_callid"><title>tm.reply_callid</title>
<para>
        Documentation missing (rpc_reply_callid_doc).
</para>
<para>
</para>
</section>

<section id="tm.stats"><title>tm.stats</title>
<para>
        Documentation missing (tm_rpc_stats_doc).
</para>
<para>
</para>
</section>

<section id="tm.hash_stats"><title>tm.hash_stats</title>
<para>
        Documentation missing (tm_rpc_hash_stats_doc).
</para>
<para>
</para>
</section>

<section id="tm.t_uac_start"><title>tm.t_uac_start</title>
<para>
        Documentation missing (rpc_t_uac_start_doc).
</para>
<para>
</para>
</section>

<section id="tm.t_uac_wait"><title>tm.t_uac_wait</title>
<para>
        Documentation missing (rpc_t_uac_wait_doc).
</para>
<para>
        Returns an array.
</para>
</section>

</chapter>
