<?xml version="1.0" encoding="UTF-8"?>
<!-- this file is autogenerated, do not edit! -->
<!DOCTYPE section PUBLIC "-//OASIS//DTD DocBook XML V4.2//EN"
	"http://www.oasis-open.org/docbook/xml/4.2/docbookx.dtd">
<chapter id="rpc_exports.carrierroute">
	<title>
RPC Exports for carrierroute
	</title>


<section id="cr.reload_routes"><title>cr.reload_routes</title>
<para>
        Reload routes
</para>
<para>
</para>
</section>

<section id="cr.dump_routes"><title>cr.dump_routes</title>
<para>
        Dump routes
</para>
<para>
</para>
</section>

</chapter>
