<?xml version="1.0" encoding="UTF-8"?>
<!-- this file is autogenerated, do not edit! -->
<!DOCTYPE section PUBLIC "-//OASIS//DTD DocBook XML V4.2//EN"
	"http://www.oasis-open.org/docbook/xml/4.2/docbookx.dtd">
<chapter id="rpc_exports.db_text">
	<title>
RPC Exports for db_text
	</title>


<section id="db_text.dump"><title>db_text.dump</title>
<para>
        Write back to disk modified tables
</para>
<para>
</para>
</section>

<section id="db_text.query"><title>db_text.query</title>
<para>
        Perform Live Query
</para>
<para>
</para>
</section>

</chapter>
