<?xml version="1.0" encoding="UTF-8"?>
<!-- this file is autogenerated, do not edit! -->
<!DOCTYPE section PUBLIC "-//OASIS//DTD DocBook XML V4.2//EN"
	"http://www.oasis-open.org/docbook/xml/4.2/docbookx.dtd">
<chapter id="rpc_exports.pipelimit">
	<title>
RPC Exports for pipelimit
	</title>


<section id="pl.stats"><title>pl.stats</title>
<para>
        Documentation missing (rpc_pl_stats_doc).
</para>
<para>
        Returns an array.
</para>
</section>

<section id="pl.get_pipes"><title>pl.get_pipes</title>
<para>
        Documentation missing (rpc_pl_get_pipes_doc).
</para>
<para>
        Returns an array.
</para>
</section>

<section id="pl.set_pipe"><title>pl.set_pipe</title>
<para>
        Documentation missing (rpc_pl_set_pipe_doc).
</para>
<para>
</para>
</section>

<section id="pl.get_pid"><title>pl.get_pid</title>
<para>
        Print PID Controller parameters for the FEEDBACK algorithm:
        &lt;ki&gt; &lt;kp&gt; &lt;kd&gt;
</para>
<para>
</para>
</section>

<section id="pl.set_pid"><title>pl.set_pid</title>
<para>
        Sets the PID Controller parameters for the FEEDBACK algorithm:
        &lt;ki&gt; &lt;kp&gt; &lt;kd&gt;
</para>
<para>
</para>
</section>

<section id="pl.push_load"><title>pl.push_load</title>
<para>
        Force the value of the load parameter for FEEDBACK algorithm:
        &lt;load&gt;
</para>
<para>
</para>
</section>

</chapter>
