<?xml version="1.0" encoding="UTF-8"?>
<!-- this file is autogenerated, do not edit! -->
<!DOCTYPE section PUBLIC "-//OASIS//DTD DocBook XML V4.2//EN"
	"http://www.oasis-open.org/docbook/xml/4.2/docbookx.dtd">
<chapter id="rpc_exports.counters">
	<title>
RPC Exports for counters
	</title>


<section id="cnt.get"><title>cnt.get</title>
<para>
        Documentation missing (cnt_get_doc).
</para>
<para>
</para>
</section>

<section id="cnt.reset"><title>cnt.reset</title>
<para>
        Documentation missing (cnt_reset_doc).
</para>
<para>
</para>
</section>

<section id="cnt.get_raw"><title>cnt.get_raw</title>
<para>
        Documentation missing (cnt_get_raw_doc).
</para>
<para>
</para>
</section>

<section id="cnt.list_groups"><title>cnt.list_groups</title>
<para>
        Documentation missing (cnt_grps_list_doc).
</para>
<para>
        Returns an array.
</para>
</section>

<section id="cnt.grps_list"><title>cnt.grps_list</title>
<para>
        Documentation missing (cnt_grps_list_doc).
</para>
<para>
        Returns an array.
</para>
</section>

<section id="cnt.list_vars"><title>cnt.list_vars</title>
<para>
        Documentation missing (cnt_var_list_doc).
</para>
<para>
        Returns an array.
</para>
</section>

<section id="cnt.var_list"><title>cnt.var_list</title>
<para>
        Documentation missing (cnt_var_list_doc).
</para>
<para>
        Returns an array.
</para>
</section>

<section id="cnt.get_vars"><title>cnt.get_vars</title>
<para>
        Documentation missing (cnt_grp_get_all_doc).
</para>
<para>
</para>
</section>

<section id="cnt.grp_get_all"><title>cnt.grp_get_all</title>
<para>
        Documentation missing (cnt_grp_get_all_doc).
</para>
<para>
</para>
</section>

<section id="cnt.help"><title>cnt.help</title>
<para>
        Documentation missing (cnt_help_doc).
</para>
<para>
</para>
</section>

</chapter>
