<?xml version="1.0" encoding='UTF-8'?>
<!DOCTYPE book PUBLIC "-//OASIS//DTD DocBook XML V4.4//EN"
"http://www.oasis-open.org/docbook/xml/4.4/docbookx.dtd" [

<!ENTITY admin SYSTEM "alias_db_admin.xml">
<!ENTITY faq SYSTEM "alias_db_faq.xml">
<!ENTITY contrib SYSTEM "contributors.xml">

<!ENTITY aliasdbsql SYSTEM "alias_db.sql">

<!-- Include general documentation entities -->
<!ENTITY % docentities SYSTEM "../../../doc/entities.xml">
%docentities;

]>

<book>
	<bookinfo>
	<title>ALIAS_DB Module</title>
	<productname class="trade">&osipsname;</productname>
	</bookinfo>
	<toc></toc>

	&admin;
	&faq;
	&contrib;

	&docCopyrights;
	<para>&copyright; 2005-2009 &voicesystem;</para>
</book>
