<!-- THIS IS AN AUTO-GENERATED FILE -->
<chapter id="contributors" xreflabel="contributors">
    <title>&contributors;</title>

<section id="contrib_commit_statistics" xreflabel="contrib_commit_statistics">
	<title>By Commit Statistics</title>

	<table frame='all'><title>Top contributors by DevScore<superscript>(1)</superscript>, authored commits<superscript>(2)</superscript> and lines added/removed<superscript>(3)</superscript></title>
	<tgroup cols='6' align='left' colsep='1' rowsep='1'>
	<thead>
	<row>
	    <entry align="center"></entry>
	    <entry align="center">Name</entry>
	    <entry align="center">DevScore</entry>
	    <entry align="center">Commits</entry>
	    <entry align="center">Lines ++</entry>
	    <entry align="center">Lines --</entry>
	</row>
	</thead>
	<tbody>
	<row>
		<entry>1. </entry>
		<entry>Bogdan-Andrei Iancu (<ulink url="https://github.com/bogdan-iancu">@bogdan-iancu</ulink>)</entry>
		<entry align="center">32</entry>
		<entry align="center">27</entry>
		<entry align="center">216</entry>
		<entry align="center">170</entry>
	</row>
	<row>
		<entry>2. </entry>
		<entry>Daniel-Constantin Mierla (<ulink url="https://github.com/miconda">@miconda</ulink>)</entry>
		<entry align="center">15</entry>
		<entry align="center">12</entry>
		<entry align="center">28</entry>
		<entry align="center">64</entry>
	</row>
	<row>
		<entry>3. </entry>
		<entry>Liviu Chircu (<ulink url="https://github.com/liviuchircu">@liviuchircu</ulink>)</entry>
		<entry align="center">13</entry>
		<entry align="center">10</entry>
		<entry align="center">48</entry>
		<entry align="center">64</entry>
	</row>
	<row>
		<entry>4. </entry>
		<entry>Razvan Crainea (<ulink url="https://github.com/razvancrainea">@razvancrainea</ulink>)</entry>
		<entry align="center">8</entry>
		<entry align="center">6</entry>
		<entry align="center">10</entry>
		<entry align="center">8</entry>
	</row>
	<row>
		<entry>5. </entry>
		<entry>Henning Westerholt (<ulink url="https://github.com/henningw">@henningw</ulink>)</entry>
		<entry align="center">6</entry>
		<entry align="center">4</entry>
		<entry align="center">48</entry>
		<entry align="center">49</entry>
	</row>
	<row>
		<entry>6. </entry>
		<entry>Elena-Ramona Modroiu</entry>
		<entry align="center">5</entry>
		<entry align="center">3</entry>
		<entry align="center">92</entry>
		<entry align="center">39</entry>
	</row>
	<row>
		<entry>7. </entry>
		<entry>Walter Doekes (<ulink url="https://github.com/wdoekes">@wdoekes</ulink>)</entry>
		<entry align="center">5</entry>
		<entry align="center">3</entry>
		<entry align="center">7</entry>
		<entry align="center">7</entry>
	</row>
	<row>
		<entry>8. </entry>
		<entry>Vlad Patrascu (<ulink url="https://github.com/rvlad-patrascu">@rvlad-patrascu</ulink>)</entry>
		<entry align="center">5</entry>
		<entry align="center">2</entry>
		<entry align="center">38</entry>
		<entry align="center">88</entry>
	</row>
	<row>
		<entry>9. </entry>
		<entry>Maksym Sobolyev (<ulink url="https://github.com/sobomax">@sobomax</ulink>)</entry>
		<entry align="center">4</entry>
		<entry align="center">2</entry>
		<entry align="center">3</entry>
		<entry align="center">5</entry>
	</row>
	<row>
		<entry>10. </entry>
		<entry>Vladimir Romanov</entry>
		<entry align="center">4</entry>
		<entry align="center">1</entry>
		<entry align="center">227</entry>
		<entry align="center">51</entry>
	</row>
	</tbody>
	</tgroup>
	</table>
<para><emphasis role='bold'>All remaining contributors</emphasis>: Sergey Khripchenko (<ulink url="https://github.com/shripchenko">@shripchenko</ulink>), Sergio Gutierrez, Konstantin Bokarius, Anca Vamanu, Dusan Klinec (<ulink url="https://github.com/ph4r05">@ph4r05</ulink>), Peter Lemenkov (<ulink url="https://github.com/lemenkov">@lemenkov</ulink>), Edson Gellert Schubert.</para>
	<para>
	    <emphasis>(1) DevScore = author_commits + author_lines_added / (project_lines_added / project_commits) + author_lines_deleted / (project_lines_deleted / project_commits)</emphasis>
	</para>
	<para>
	    <emphasis>(2) including any documentation-related commits, excluding merge commits. Regarding imported patches/code, we do our best to count the work on behalf of the proper owner, as per the "fix_authors" and "mod_renames" arrays in opensips/doc/build-contrib.sh. If you identify any patches/commits which do not get properly attributed to you, please <ulink url="https://github.com/OpenSIPS/opensips/pulls"><citetitle>submit a pull request</citetitle></ulink></emphasis> which extends "fix_authors" and/or "mod_renames".
	</para>
	<para>
	    <emphasis>(3) ignoring whitespace edits, renamed files and auto-generated files</emphasis>
	</para>
</section>

<section id="contrib_commit_activity" xreflabel="contrib_commit_activity">
	<title>By Commit Activity</title>

	<table frame='all'><title>Most recently active contributors<superscript>(1)</superscript> to this module</title>
	<tgroup cols='3' align='left' colsep='1' rowsep='1'>
	<thead>
	<row>
	    <entry align="center"></entry>
	    <entry align="center">Name</entry>
	    <entry align="center">Commit Activity</entry>
	</row>
	</thead>
	<tbody>
	<row>
		<entry>1. </entry>
		<entry>Liviu Chircu (<ulink url="https://github.com/liviuchircu">@liviuchircu</ulink>)</entry>
		<entry align="center">Mar 2014 - May 2024</entry>
	</row>
	<row>
		<entry>2. </entry>
		<entry>Maksym Sobolyev (<ulink url="https://github.com/sobomax">@sobomax</ulink>)</entry>
		<entry align="center">Feb 2023 - Feb 2023</entry>
	</row>
	<row>
		<entry>3. </entry>
		<entry>Walter Doekes (<ulink url="https://github.com/wdoekes">@wdoekes</ulink>)</entry>
		<entry align="center">Apr 2010 - Apr 2021</entry>
	</row>
	<row>
		<entry>4. </entry>
		<entry>Bogdan-Andrei Iancu (<ulink url="https://github.com/bogdan-iancu">@bogdan-iancu</ulink>)</entry>
		<entry align="center">Oct 2005 - Mar 2020</entry>
	</row>
	<row>
		<entry>5. </entry>
		<entry>Razvan Crainea (<ulink url="https://github.com/razvancrainea">@razvancrainea</ulink>)</entry>
		<entry align="center">Jun 2011 - Sep 2019</entry>
	</row>
	<row>
		<entry>6. </entry>
		<entry>Vlad Patrascu (<ulink url="https://github.com/rvlad-patrascu">@rvlad-patrascu</ulink>)</entry>
		<entry align="center">May 2017 - Apr 2019</entry>
	</row>
	<row>
		<entry>7. </entry>
		<entry>Peter Lemenkov (<ulink url="https://github.com/lemenkov">@lemenkov</ulink>)</entry>
		<entry align="center">Jun 2018 - Jun 2018</entry>
	</row>
	<row>
		<entry>8. </entry>
		<entry>Dusan Klinec (<ulink url="https://github.com/ph4r05">@ph4r05</ulink>)</entry>
		<entry align="center">Dec 2015 - Dec 2015</entry>
	</row>
	<row>
		<entry>9. </entry>
		<entry>Sergey Khripchenko (<ulink url="https://github.com/shripchenko">@shripchenko</ulink>)</entry>
		<entry align="center">Sep 2015 - Sep 2015</entry>
	</row>
	<row>
		<entry>10. </entry>
		<entry>Anca Vamanu</entry>
		<entry align="center">Sep 2009 - Sep 2009</entry>
	</row>
	</tbody>
	</tgroup>
	</table>
<para><emphasis role='bold'>All remaining contributors</emphasis>: Vladimir Romanov, Sergio Gutierrez, Henning Westerholt (<ulink url="https://github.com/henningw">@henningw</ulink>), Elena-Ramona Modroiu, Daniel-Constantin Mierla (<ulink url="https://github.com/miconda">@miconda</ulink>), Konstantin Bokarius, Edson Gellert Schubert.</para>
	<para>
	    <emphasis>(1) including any documentation-related commits, excluding merge commits</emphasis>
	</para>
</section>

</chapter>
<chapter id="documentation" xreflabel="documentation">
	<title>Documentation</title>
<section id="documentation_contributors" xreflabel="documentation_contributors">
	<title>Contributors</title>
	<para><emphasis role='bold'>Last edited by:</emphasis> Liviu Chircu (<ulink url="https://github.com/liviuchircu">@liviuchircu</ulink>), Peter Lemenkov (<ulink url="https://github.com/lemenkov">@lemenkov</ulink>), Sergey Khripchenko (<ulink url="https://github.com/shripchenko">@shripchenko</ulink>), Razvan Crainea (<ulink url="https://github.com/razvancrainea">@razvancrainea</ulink>), Walter Doekes (<ulink url="https://github.com/wdoekes">@wdoekes</ulink>), Bogdan-Andrei Iancu (<ulink url="https://github.com/bogdan-iancu">@bogdan-iancu</ulink>), Sergio Gutierrez, Henning Westerholt (<ulink url="https://github.com/henningw">@henningw</ulink>), Elena-Ramona Modroiu, Daniel-Constantin Mierla (<ulink url="https://github.com/miconda">@miconda</ulink>), Konstantin Bokarius, Edson Gellert Schubert.</para>
</section>

</chapter>
